1,散户也能赢,978-7-5427-2551-6,28,9999,大众出版社,王卫锋著
2,俄罗斯与全球化,978-7-5427-4440-1,78,9999,大众出版社,（俄）瓦.伊.茹科夫著
3,聚焦课改决战课堂——构建更具活力的课堂教学,978-7-5427-3552-2,44.5,9999,大众出版社,上海市徐汇区教育局  编
4,让孩子在快乐的集体中和谐发展,978-7-5427-4133-2,28,9999,大众出版社,阙奋等主编
5,用英语说中国—历史,978-7-5427-4205-6,45,9999,大众出版社,田华实 李兆平
6,用英语说中国—名校,978-7-5427-4201-8,32,9999,大众出版社,王德军
7,用英语说中国—文化,978-7-5427-4136-3,26,9999,大众出版社,王德军
8,用英语说中国—艺术,978-7-5427-4135-6,39,9999,大众出版社,田华实 仲锡
9,用英语说中国—体育,978-7-5427-4203-2,38,9999,大众出版社,"田华实,扬方"
10,用英语说中国—民俗,978-7-5427-4202-5,32,9999,大众出版社,"刘飞,李凯平"
11,用英语说中国—旅游,978-7-5427-4100-4,36,9999,大众出版社,"李兆平,仲锡"
12,用英语说中国名人,978-7-5427-4134-9,26,9999,大众出版社,崔艳菊，方青卫主编
13,用英语说中国名城,978-7-5427-4052-6,32,9999,大众出版社,"仲锡,李兆平主编"
14,现代校长的思考与实践,978-7-5427-2031-3,25,9999,大众出版社,金哲民主编
15,用英语说中国：经济,978-7-5427-4419-7,39.8,9999,大众出版社,田华实，徐静良主编
16,用英语说中国：科技,978-7-5427-4420-3,36,9999,大众出版社,王德军，纪小军主编
17,用英语说中国：影视,978-7-5427-4434-0,45,9999,大众出版社,"贾冰,王敏华主编"
18,中小学品德评语实用手册,7-5427-2545-9,16,9999,大众出版社,姚子明
19,世界很平我不平——270天的创新创业青春探险,978-7-5427-3809-7,65,9999,大众出版社,（台）时代基会等编
20,良言诤语,7-5427-2332-4,35,9999,大众出版社,周桂强  主编
21,解读性格密码,978-7-5427-4177-6,12,9999,大众出版社,（日）诧摩武峻
22,引导激励孩子的技巧操作与例解,978-7-5427-3760-1,9.8,9999,大众出版社,杨静平著
23,八荣八耻三字经,978-7-5427-4081-6,12,9999,大众出版社,周桂强
24,感谢我们的对手,978-7-5427-4055-7,29.8,9999,大众出版社,石赟
25,人生箴言录,978-7-5427-3942-1,25,9999,大众出版社,关玉国
26,香港自由行全攻略,978-7-5427-3547-8,29,9999,大众出版社,贾谨毅  等编著
27,旅游文化赏析（上、下册）,978-7-5427-3550-8,35,9999,大众出版社,黄祥康　编著
28,上海城区交通图(2009修订版),978-7-5427-3111-1,6,9999,大众出版社,上海市测绘院　编
29,上海市郊道路交通图(第五版),978-7-5427-2151-8,5,9999,大众出版社,上海市测绘院　编
30,上海旅游休闲地图,7-5427-2976-4,5,9999,大众出版社,上海市测绘院　编
31,上海市郊旅游交通图,978-7-5427-3868-4,12,9999,大众出版社,上海市测绘院
32,象棋13冠军残局飞镖,978-7-5427-4008-3,19,9999,大众出版社,万安平
33,攀岩(另类休闲系列),7-5427-3048-7,20,9999,大众出版社,李卫锋
34,象棋11冠军中局风采,7-5427-2649-8,18,9999,大众出版社,朱鹤洲、万安平编著
35,象棋11冠军残局飞刀,7-5427-2118-6,15,9999,大众出版社,万安平、朱鹤洲编著
36,象棋攻防新战术,978-7-5427-3963-6,22,9999,人民文学出版社,言穆江
37,象棋实用布局新招,978-7-5427-2745-9,18,9999,人民文学出版社,葛维蒲  编著
38,中国木兰拳新套路,7-5427-2362-6,18,9999,人民文学出版社,李钢　等
39,中国木兰拳最新套路,978-7-5427-3321-4,22,9999,人民文学出版社,李钢　著
40,象棋13冠军中局烽火,978-7-5427-4172-1,23.5,9999,人民文学出版社,朱鹤洲编著
41,休闲潜水,978-7-5427-3938-4,33,9999,人民文学出版社,徐伟刚主编
42,象棋实战短局精选,978-7-5427-4129-5,17,9999,人民文学出版社,石镛
43,象棋特级大师入局秀,978-7-5427-4496-8,18,9999,人民文学出版社,万安平　编著
44,学做算术学说英语,978-7-5427-3752-6,15,9999,人民文学出版社,"卓文,蔡维龙"
45,学说童谣学识汉字,978-7-5427-3751-9,15,9999,人民文学出版社,卓文，蔡维龙
46,入学准备（数学）,978-7-5427-4110-3,10,9999,人民文学出版社,本书编写组编著
47,入学准备（英语）,978-7-5427-4112-7,10,9999,人民文学出版社,本书编写组编著
48,入学准备（语文）,978-7-5427-4111-0,10,9999,人民文学出版社,本书编写组编著
49,完全纸雕布置·教室布置,978-7-5427-4165-3,25,9999,人民文学出版社,池海编著
50,完全纸雕布置·班级主题布置,978-7-5427-4167-7,25,9999,人民文学出版社,池海编著
51,完全纸雕布置·窗饰及吊饰布置,978-7-5427-4168-4,25,9999,人民文学出版社,池海编著
52,完全纸雕布置·墙面布置,978-7-5427-4166-0,25,9999,人民文学出版社,池海编著
53,废物再利用·环保手工（童趣篇）,978-7-5427-4169-1,25,9999,人民文学出版社,池海编著
54,废物再利用·环保手工（童心篇）,978-7-5427-4170-7,25,9999,人民文学出版社,池海编著
55,听力赛跑,978-7-5427-4163-9,45,9999,人民文学出版社,陆一飞编著
56,格林童话（附盘）,978-7-5427-3667-1,19.8,9999,人民文学出版社,何少杰主编
57,一千零一夜（附盘）,978-7-5427-3667-2,19.8,9999,人民文学出版社,何少杰主编
58,成语故事（附盘）,978-7-5427-3667-3,19.8,9999,人民文学出版社,何少杰主编
59,动物故事（附盘）,978-7-5427-3667-4,19.8,9999,人民文学出版社,何少杰主编
60,看图识字（附盘）,978-7-5427-3667-5,19.8,9999,人民文学出版社,何少杰主编
61,英语起步（附盘）,978-7-5427-3667-6,19.8,9999,人民文学出版社,何少杰主编
62,寓言故事（附盘）,978-7-5427-3667-7,19.8,9999,人民文学出版社,何少杰主编
63,儿童学唐诗（附盘）,978-7-5427-3667-8,19.8,9999,人民文学出版社,何少杰主编
64,每天好故事（附盘）,978-7-5427-3667-9,19.8,9999,人民文学出版社,何少杰主编
65,安徒生童话（附盘）,978-7-5427-3667-10,19.8,9999,人民文学出版社,何少杰主编
66,拼音起步（附盘）,978-7-5427-3667-11,19.8,9999,人民文学出版社,何少杰主编
67,365夜故事（附盘）,978-7-5427-3667-12,19.8,9999,人民文学出版社,何少杰主编
68,幼儿益智识字卡片(6盒),978-7-5427-3917-9,60,9999,人民文学出版社,《幼儿益智识字卡》编写组编著
69,幼儿园音乐课程（5～6岁）,978-7-5427-4389-3,15,9999,人民文学出版社,池海　主编
70,幼儿园美术课程（2～3岁）,978-7-5427-4394-7,15,9999,人民文学出版社,池海　主编
71,幼儿园舞蹈课程（3～4岁）,978-7-5427-4391-6,15,9999,人民文学出版社,池海　主编
72,幼儿园音乐课程（4～5岁）,978-7-5427-4388-6,15,9999,人民文学出版社,池海　主编
73,幼儿园美术课程（4～5岁）,978-7-5427-4396-1,15,9999,人民文学出版社,池海　主编
74,幼儿园音乐课程（3～4岁）,978-7-5427-4387-9,15,9999,人民文学出版社,池海　主编
75,幼儿园美术课程（5～6岁）,978-7-5427-4397-8,15,9999,人民文学出版社,池海　主编
76,幼儿园舞蹈课程（5～6岁）,978-7-5427-4393-0,15,9999,人民文学出版社,池海　主编
77,幼儿园美术课程（3～4岁）,978-7-5427-4395-4,15,9999,人民文学出版社,池海　主编
78,幼儿园舞蹈课程（2～3岁）,978-7-5427-4390-9,15,9999,人民文学出版社,池海　主编
79,幼儿园舞蹈课程（4～5岁）,978-7-5427-4392-3,15,9999,人民文学出版社,池海　主编
80,幼儿园音乐课程（2～3岁）,978-7-5427-4386-2,15,9999,人民文学出版社,池海　主编
81,宝宝观察力训练(全四册),978-7-5427-4343-5,36,9999,人民文学出版社,林怡育儿工作室编著
82,小学生最新分类作文大全,978-7-5427-3258-3,18,9999,人民文学出版社,马丽静  总主编
83,小学生最新话题作文阳光宝典,978-7-5427-3831-8,25,9999,人民文学出版社,金松来主编
84,小学生最新分类作文阳光宝典,978-7-5427-3769-4,25,9999,人民文学出版社,金松来主编
85,英语国际音标入门,978-7-5427-1091-8,14.8,9999,人民文学出版社,张晓静  等
86,张晴魔力音标（儿童版）,7-5427-2999-3,15.8,9999,人民文学出版社,张晴 主编
87,新编英语国际音标入门（彩色）,978-7-5427-3727-4,14.8,9999,人民文学出版社,康志峰
88,新世纪历年全国小学语奥大赛试题详答,978-7-5427-3231-6,15,9999,人民文学出版社,郭耀水  等主编
89,新世纪历年全国小学数学奥林匹克题解,978-7-5427-3232-3,15,9999,人民文学出版社,郭耀水，郭帅兵  主编
90,小学生满分高分作文阳光宝典,978-7-5427-3670-3,25,9999,人民文学出版社,卓文主编
91,小学生获奖作文阳光宝典,978-7-5427-3779-3,25,9999,人民文学出版社,金松来主编
92,小学生最新好词好句好段大全,978-7-5427-3257-6,19.8,9999,人民文学出版社,马丽静  总主编
93,小学生好词妙句精彩段,978-7-5427-2864-7,26,9999,人民文学出版社,张溦  编写
94,新话题作文满分通典大全,7-5427-3366-4,22,9999,人民文学出版社,沈士军  主编
95,教你天天动脑筋（五年级）（双色）,7-5427-2797-4,15,9999,人民文学出版社,柴常龙  周鸿兴  主编
96,教你天天动脑筋（四年级）（双色）,7-5427-3498-9,15,9999,人民文学出版社,柴常龙  周鸿兴  主编
97,教你天天动脑筋（三年级）（双色）,7-5427-3497-0,15,9999,人民文学出版社,柴常龙  周鸿兴  主编
98,教你天天动脑筋（二年级）（双色）,7-5427-3512-8,16,9999,人民文学出版社,柴常龙  周鸿兴  主编
99,教你天天动脑筋（一年级）（双色）,7-5427-3511-X,15,9999,人民文学出版社,柴常龙  周鸿兴  主编
100,常用歇后语词典,978-7-5427-3081-7,16,9999,人民文学出版社,沈慧云  主编
101,常用谚语词典,978-7-5427-3078-7,10,9999,人民文学出版社,孙立群  等编
102,常用反义词词典,7-5427-3071-1,10,9999,人民文学出版社,姜心  编写
103,常用成语词典,978-7-5427-3065-7,15,9999,人民文学出版社,傅玉芳  编写
104,常用同义词词典,7-5427-3072-X,10,9999,人民文学出版社,姜心  编写
105,小学生限字作文,978-7-5427-4071-7,16.8,9999,人民文学出版社,盛娟主编
106,小学生注音作文,978-7-5427-4072-4,16.8,9999,人民文学出版社,盛娟主编
107,小学生作文从零起步大全,978-7-5427-4069-4,16.8,9999,人民文学出版社,盛娟主编
108,小学生看图作文,978-7-5427-4070-0,16.8,9999,人民文学出版社,盛娟主编
109,小学数学奥林匹克训练指导（六年级）,978-7-5427-4144-8,18,9999,人民文学出版社,周鸿兴主编
110,小学数学奥林匹克训练指导（五年级）,978-7-5427-4148-6,18,9999,人民文学出版社,周鸿兴主编
111,小学数学奥林匹克训练指导（四年级）,978-7-5427-4147-9,18,9999,人民文学出版社,周鸿兴主编
112,小学数学奥林匹克训练指导（三年级）,978-7-5427-4146-2,16,9999,人民文学出版社,周鸿兴
113,小学数学奥林匹克训练指导（一～二年级）,978-7-5427-4145-5,19.8,9999,人民文学出版社,周鸿兴等主编
114,经典唐诗钢笔字贴,978-7-5427-4043-4,15,9999,人民文学出版社,吕纯览
115,新编英语口语入门,978-7-5427-4056-4,14.8,9999,人民文学出版社,康志峰
116,新课标小学分类作文大全,978-7-5427-3822-6,12,9999,人民文学出版社,朱福生
117,新课标小学生满分作文大全,978-7-5427-3879-0,15,9999,人民文学出版社,朱福生主编
118,小学数学智能训练（一年级）,978-7-5427-4113-4,25,9999,人民文学出版社,周鸿兴
119,新编趣味数学ABC(三～四年级),978-7-5427-4296-4,13,9999,人民文学出版社,柴常龙，周鸿兴主编
120,新编趣味数学ABC（五～六年级）,978-7-5427-4297-1,15,9999,人民文学出版社,常柴龙，周鸿兴主编
121,新编趣味数学ABC(一～二年级),978-7-5427-4295-7,15,9999,人民文学出版社,柴常龙，周鸿兴主编
122,新课标高中化学活学活用表解一点通,978-7-5427-4246-9,30,9999,人民文学出版社,陆葆谦
123,初中专项训练新设计-单项选择（中考）,978-7-5427-4301-5,14.5,9999,人民文学出版社,李保卫
124,初中专项训练新设计·阅读理解（中考）,978-7-5427-4323-7,14.5,9999,人民文学出版社,陈占勇 李保卫主编
125,初中专项训练新设计·完形填空（九年级）,978-7-5427-4321-3,14.5,9999,人民文学出版社,陈占勇　 李保卫主编
126,初中专项训练新设计·阅读理解（九年级）,978-7-5427-4314-5,14.5,9999,人民文学出版社,李保卫 主编
127,初中专项训练新设计·完形填空（八年级）,978-7-5427-4320-6,14.5,9999,人民文学出版社,陈占勇 李保卫主编
128,初中专项训练新设计·语法（中考）,978-7-5427-4307-7,14.5,9999,人民文学出版社,李保卫主编
129,初中专项训练新设计·阅读理解（七年级）,978-7-5427-4319-0,14.5,9999,人民文学出版社,李保卫 主编
130,初中专项训练新设计·完形填空（七年级）,978-7-5427-4318-3,14.5,9999,人民文学出版社,李保卫 主编
131,初中专项训练新设计·阅读理解（八年级）,978-7-5427-4317-6,16,9999,人民文学出版社,陈占勇 李保卫主编
132,初中专项训练新设计·完形填空（中考）,978-7-5427-4322-0,14.5,9999,人民文学出版社,陈占勇 李保卫
133,高中组合训练新设计·阅读理解与完形填空（高一）,978-7-5427-4355-8,15.5,9999,人民文学出版社,陈占勇主编
134,高中组合训练新设计·阅读理解与完形填空（高考）,978-7-5427-4356-5,16.5,9999,人民文学出版社,陈占勇主编
135,高中组合训练新设计·阅读理解与完形填空（高一）,978-7-5427-4354-1,15.5,9999,人民文学出版社,陈占勇主编
136,初中组合训练新设计·阅读理解与完形填空（中考）,978-7-5427-4353-4,14.5,9999,人民文学出版社,李保卫主编
137,初中组合训练新设计英语·阅读理解与完形填空（九年级）,978-7-5427-4352-7,14.5,9999,人民文学出版社,李保卫主编
138,组合训练新设计·阅读理解与完形填空（八年级）,978-7-5427-4351-0,14.5,9999,人民文学出版社,李保卫主编
139,初中组合训练新设计·阅读理解与完形填空（七年级）,978-7-5427-4350-3,14.5,9999,人民文学出版社,李保卫主编
140,高中专项训练新设计·阅读理解（高一）,978-7-5427-4315-2,15.5,9999,人民文学出版社,陈占勇 李保卫主编
141,初中命题作文大视野,978-7-5427-4311-4,18,9999,人民文学出版社,刘弢 吕春昕主编
142,初中半命题作文大视野,978-7-5427-4327-5,18,9999,人民文学出版社,刘弢　吕春昕主编
143,初中生话题作文大视野（基础篇）,978-7-5427-4329-9,18,9999,人民文学出版社,刘弢　吕春昕主编
144,初中生话题作文大视野（突破篇）,978-7-5427-4326-8,18,9999,人民文学出版社,刘弢　吕春昕主编
145,初中生话题作文大视野（提高篇）,978-7-5427-4330-5,18,9999,机械工业出版社,刘弢　吕春昕主编
146,中考满分作文大全（修订版）,978-7-5427-4309-1,18,9999,机械工业出版社,孔立新　编
147,高中古诗文译注与拓展（高三）,978-7-5427-4372-5,16,9999,机械工业出版社,李友舜　编著
148,中学生考场作文一点通,978-7-5427-4369-5,18,9999,机械工业出版社,孔立新　编
149,快乐学语文,978-7-5427-4331-2,12,9999,机械工业出版社,金哲民　著
150,高中专项训练新设计：阅读理解.高考,978-7-5427-4324-4,16.5,9999,机械工业出版社,陈占勇　李保卫　主编
151,高考专项训练新设计：语法,978-7-5427-4305-3,16.5,9999,机械工业出版社,陈占勇　李保卫　主编
152,高中专项训练新设计：完形填空.高考,978-7-5427-4349-7,16.5,9999,机械工业出版社,陈占勇　李保卫　主编
153,高考专项训练新设计：短文改错,978-7-5427-4313-8,16.5,9999,机械工业出版社,陈占勇　主编
154,高考专项训练新设计：阅读理解.高二,978-7-5427-4316-9,15.5,9999,机械工业出版社,陈占勇　李保卫　主编
155,高中专项训练新设计：完形填空.高二,978-7-5427-4348-0,15.5,9999,机械工业出版社,陈占勇　李保卫　主编
156,高中专项训练新设计：完形填空.高一,978-7-5427-4347-3,15.5,9999,机械工业出版社,陈占勇　李保卫　主编
157,中学生主题作文一点通,978-7-5427-4373-2,18,9999,机械工业出版社,孔立新编著
158,初中英语语法新题型,978-7-5427-4409-8,20,9999,机械工业出版社,文奕　编著
159,小学数学拓展训练（一年级）,978-7-5427-4402-9,18,9999,机械工业出版社,柴常龙主编
160,小学数学拓展训练（二年级）,978-7-5427-4403-6,18,9999,机械工业出版社,柴常龙主编
161,小学生名校作文全程指导,978-7-5427-4445-6,22.8,9999,机械工业出版社,盛娟　主编
162,小学生创新作文全程指导,978-7-5427-4437-1,22.8,9999,机械工业出版社,盛娟　主编
163,小学生分类作文全程指导,978-7-5427-4443-2,22.8,9999,机械工业出版社,盛娟　主编
164,小学生满分作文全程指导,978-7-5427-4436-4,22.8,9999,机械工业出版社,盛娟　主编
165,初中生考场作文全程指导,978-7-5427-4432-6,22.8,9999,机械工业出版社,盛娟　主编
166,初中生分类作文全程指导,978-7-5427-4431-9,22.8,9999,机械工业出版社,盛娟　主编
167,高中数学一点通秘笈&#8226;知识点贯通 &#8226;题典,978-7-5427-4405-0,42,9999,机械工业出版社,李正兴　著
168,怎样写小学生作文（限字200）,978-7-5427-4499-9,14.8,9999,机械工业出版社,刘弢　吕春昕主编
169,高中数学一点通秘笈：应试精练,978-7-5427-4497-5,29,9999,机械工业出版社,李正兴　著
170,怎样写小学生作文（限字300）,978-7-5427-4500-2,14.8,9999,机械工业出版社,刘弢　吕春昕主编
171,怎样写小学生作文（限字400）,978-7-5427-4501-9,14.8,9999,机械工业出版社,刘弢　吕春昕主编
172,高中物理解题宝典&考点解密,978-7-5427-4406-7,29,9999,机械工业出版社,陆永刚　主编
173,高中化学解题宝典&考点解密,978-7-5427-4498-2,29,9999,机械工业出版社,彭嘉全　主编
174,初中生最新分类作文阳光宝典,978-7-5427-3776-2,22,9999,机械工业出版社,卓文
175,高中生话题作文阳光宝典,978-7-5427-3764-9,22,9999,机械工业出版社,王淑英主编
176,初中生最新材料作文阳光宝典,978-7-5427-3810-3,22,9999,机械工业出版社,卓文
177,初中生实用写作阳光宝典,978-7-5427-3813-4,22,9999,机械工业出版社,王英淑
178,初中生考场满分作文阳光宝典,978-7-5427-3828-8,22,9999,机械工业出版社,王淑英主编
179,初中生最新话题作文阳光宝典,978-7-5427-3786-1,22,9999,机械工业出版社,王淑英主编
180,初中生话题作文阳光宝典,978-7-5427-3816-5,22,9999,机械工业出版社,王淑英主编
181,中学生国内国际作文竞赛大奖精粹,978-7-5427-3261-3,16.8,9999,机械工业出版社,马丽静  总主编
182,初中生考场满分作文精粹,978-7-5427-3260-6,18,9999,机械工业出版社,马丽静  总主编
183,中学生好词妙句精彩段,978-7-5427-2980-4,28,9999,机械工业出版社,陆文忠  编写
184,新高考作文满分绝招大全,7-5427-3365-6,20,9999,机械工业出版社,沈士军  主编
185,新课标高中文言文精解与训练,7-5427-3575-6,25,9999,机械工业出版社,朱福生  主编
186,新课标初中文言文精解与训练,978-7-5427-3549-2,20,9999,机械工业出版社,朱福生  主编
187,高中古诗文译注与拓展（高一）,978-7-5427-3714-4,16,9999,机械工业出版社,李文舜
188,高考语文开放性试题导与练,978-7-5427-3612-3,15,9999,机械工业出版社,李友舜编著
189,高考作文10大亮点透视,7-5427-3252-8,15,9999,机械工业出版社,李友舜  等主编
190,高中化学思维方法,7-5427-2522-X,14.5,9999,机械工业出版社,吴峥 主编
191,高中物理思维方法(下),978-7-5427-2542-4,7,9999,机械工业出版社,张越
192,高中数学思维方法(下),7-5427-2541-6,13,9999,机械工业出版社,康士凯
193,初中化学思维方法,7-5427-2523-8,13.5,9999,机械工业出版社,袁孝凤  主编
194,初中数学思维方法,7-5427-2521-1,16,9999,机械工业出版社,周继光  主编
195,新课标高中化学解题方法一点通（双色）,978-7-5427-3818-9,22,9999,机械工业出版社,钱秋萍主编
196,新课标高中物理解题方法一点通（双色）,978-7-5427-3793-9,26,9999,机械工业出版社,陆永刚
197,新课标高中数学解题方法一点通（双色）,978-7-5427-3767-0,26,9999,机械工业出版社,梁开华主编
198,新课标初中化学解题方法一点通（双色）,978-7-5427-3814-1,25,9999,机械工业出版社,钱秋萍主编
199,新课标初中物理解题方法一点通（双色）,978-7-5427-3803-5,12,9999,机械工业出版社,严城主编
200,新课标初中数学解题方法一点通（双色）,978-7-5427-3770-0,26,9999,机械工业出版社,胡军主编
201,新课标高中化学解题思维方法（双色）,978-7-5427-3719-9,16,9999,机械工业出版社,孙元清总主编
202,新课标高中物理解题思维方法（双色）,978-7-5427-3718-2,15,9999,机械工业出版社,孙元清总主编
203,新课标高中数学解题思维方法（双色）,978-7-5427-3717-5,25,9999,机械工业出版社,孙元清总主编
204,新课标初中化学解题思维方法（双色）,978-7-5427-3722-9,16,9999,机械工业出版社,孙元清主编
205,新课标初中物理解题思维方法（双色）,978-7-5427-3720-5,20,9999,机械工业出版社,孙元清总主编
206,新课标初中数学解题思维方法（双色）,978-7-5427-3721-2,20,9999,机械工业出版社,孙元清主编
207,新编初中活用理科手册（双色）,978-7-5427-3731-1,22,9999,机械工业出版社,重点中学教师
208,新编高中活用理科手册,978-7-5427-3732-8,30,9999,机械工业出版社,孙元清
209,高中数学解题宝典及考点解密,978-7-5427-3943-8,35,9999,机械工业出版社,李正兴著
210,中考数学考点解密,978-7-5427-3977-3,18,9999,机械工业出版社,陈振宣主编
211,高中古诗文译注与拓展（高二年级）,978-7-5427-4061-8,16,9999,机械工业出版社,李友舜
212,新课标活学活用表解一点通(初中化学),978-7-5427-4085-4,18,9999,机械工业出版社,陆葆谦主编
213,新课标活学活用表解一点通(初中物理),978-7-5427-3886-8,12,9999,机械工业出版社,刘齐煌  主编
214,新课标活学活用表解一点通(初中数学),978-7-5427-4121-9,20,9999,机械工业出版社,顾鸿达主编
215,新课标活学活用表解一点通(高中物理),978-7-5427-4125-7,24,9999,机械工业出版社,刘齐煌主编
216,新课标活学活用表解一点通(高中语文),978-7-5427-4083-0,28,9999,机械工业出版社,刘明海主编
217,新课标中学古诗文典故大全,978-7-5427-4062-5,18,9999,机械工业出版社,朱福生编撰
218,上海市高考英语新题型突破（选词填空）,978-7-5427-4233-9,20,9999,机械工业出版社,刘弢主编
219,新课标初生中高分作文大全,978-7-5427-3880-6,18,9999,机械工业出版社,朱福生主编
220,高二生物一课一导,978-7-5427-4127-1,18,9999,机械工业出版社,胡兴昌、程元英
221,高二地理一课一导,978-7-5427-4126-4,18,9999,机械工业出版社,黄昌顺、曹军
222,新课标活学活用表解一点通.高中数学,978-7-5427-4214-8,30,9999,机械工业出版社,顾鸿达主编
223,高考语词汇手册,978-7-5427-4232-2,46,9999,机械工业出版社,鲍鲲等编著
224,乘法心算秘决,978-7-5427-1804-4,12,9999,机械工业出版社,"周世溶,何方松著"
225,英语中级口译实用大全,978-7-5427-4507-1,29.8,9999,机械工业出版社,康志峰　著
226,新四级英语710分考前必备,978-7-5427-3442-6,19.8,9999,机械工业出版社,康志峰  编著
227,英语听力进阶（上）,978-7-5427-3267-5,25,9999,机械工业出版社,翁雪芳编著
228,社交校园英语高频短句大全,978-7-5427-4379-4,29,9999,机械工业出版社,叶慧超主编
229,面试职场英语高频短句大全,978-7-5427-4378-7,32.8,9999,机械工业出版社,钱希茜　刘玮编著
230,怎样写小学生作文（限字500）,978-7-5427-4502-6,14.8,9999,机械工业出版社,刘弢　吕春昕主编
231,合作性学习ABC,7-5427-2380-4,20,9999,机械工业出版社,(美)罗杰.T.约翰逊  等著
232,一身幽默跳蚤,7-5427-3437-7,16,9999,机械工业出版社,华宇工作室编
233,小故事大道理精选,978-7-5427-3597-3,16,9999,机械工业出版社,华宇工作室编
234,练脑趣味游戏,978-7-5427-3598-0,16,9999,机械工业出版社,华宇工作室编
235,逻辑推理速成,978-7-5427-3599-7,16,9999,机械工业出版社,华宇工作室编
236,吉庆佳联大家写,978-7-5427-3638-3,15,9999,机械工业出版社,张家伟编著
237,新编万年历百事通,978-7-5427-4120-2,20,9999,机械工业出版社,刘大明编
238,孩子怎么想，父母怎么做,978-7-5427-4294-0,24.8,9999,机械工业出版社,（韩）金京心著
239,流畅英语口语短对话800（赠MP3光盘）,978-7-5427-3746-5,24.8,9999,机械工业出版社,浩瀚，王艳主编
240,流畅英语口语一本通（赠MP3光盘）,978-7-5427-3745-8,24.8,9999,机械工业出版社,王艳，浩瀚主编
241,流畅英语口语急用句5000（赠MP3光盘）,978-7-5427-3754-0,24.8,9999,机械工业出版社,浩瀚主编
242,流畅英语口语一语多说（赠MP3光盘）,978-7-5427-3757-1,25.8,9999,机械工业出版社,浩瀚主编
243,流畅英语口语热门话题（赠MP3光盘）,978-7-5427-3827-1,24.8,9999,机械工业出版社,浩瀚主编
244,流畅英语口语2000问（赠MP3光盘）,978-7-5427-3792-2,24.8,9999,机械工业出版社,浩瀚主编
245,最易掌握的学英语窍门308例,978-7-5427-4004-5,38,9999,机械工业出版社,浩瀚
246,最易掌握的学英语规律338条,978-7-5427-4005-2,38,9999,机械工业出版社,浩瀚等
247,面试英语问答与实例,978-7-5427-3999-5,26.8,9999,机械工业出版社,浩瀚编著
248,我是英语语法表解王,978-7-5427-4006-9,38,9999,机械工业出版社,"浩瀚,王勇编著"
249,激励孩子学习的名人成长故事（经济卷）,978-7-5427-3505-8,21.8,9999,机械工业出版社,卓文编绘
250,激励孩子学习的名人成长故事（科学卷）,978-7-5427-3833-2,21.8,9999,机械工业出版社,卓文编绘
251,激励孩子学习的名人成长故事（文学卷）,978-7-5427-3832-5,21.8,9999,机械工业出版社,卓文编绘
252,激励孩子学习的名人成长故事（综合卷）,978-7-5427-3835-6,21.8,9999,机械工业出版社,卓文编绘
253,激励孩子学习的名人成长故事（艺术卷）,978-7-5427-3834-9,21.8,9999,机械工业出版社,卓文编绘
254,让孩子一生受益的经典故事·一千零一夜,7-5427-2129-1,26.8,9999,机械工业出版社,"宋鸿玲, 蔡维龙  编绘"
255,让孩子一生受益的经典故事·安徒生童话,978-7-5427-2157-0,22.8,9999,机械工业出版社,"田文, 蔡维龙  编绘"
256,让孩子一生受益的经典故事·谜语故事,978-7-5427-2130-3,26.8,9999,机械工业出版社,"高翔, 蔡维龙  编绘"
257,影响中国孩子成长的101位名人·中国卷,978-7-5427-3787-8,19.8,9999,机械工业出版社,卓文编著
258,影响中国孩子成长的101位名人·外国卷,978-7-5427-3788-5,19.8,9999,机械工业出版社,卓文编著
259,让孩子一生受益的经典故事·历史故事,978-7-5427-2154-9,26.8,9999,机械工业出版社,"高翔, 蔡维龙  编绘"
260,让孩子一生受益的经典故事·名人故事,978-7-5427-2140-2,25,9999,机械工业出版社,"田文, 蔡维龙  编绘"
261,让孩子一生受益的经典故事·神话故事,978-7-5427-2131-0,28,9999,机械工业出版社,"刘士勋, 蔡维龙  编绘"
262,让孩子一生受益的经典故事·益智故事,978-7-5427-2121-1,26.8,9999,机械工业出版社,"高翔, 蔡维龙  编绘"
263,让孩子一生受益的经典故事·格林童话,978-7-5427-2164-8,22.8,9999,机械工业出版社,"刘士勋, 蔡维龙  编绘"
264,让孩子一生受益的经典故事·寓言故事,978-7-5427-2142-6,28,9999,机械工业出版社,"宋鸿玲, 蔡维龙  编绘"
265,让孩子一生受益的经典故事·成语故事,978-7-5427-2156-3,29.8,9999,机械工业出版社,"卓文, 蔡维龙  编绘"
266,唐诗300首,978-7-5427-4034-2,25,9999,机械工业出版社,何少杰
267,365夜故事,978-7-5427-4033-5,25,9999,机械工业出版社,何少杰
268,成语故事,978-7-5427-4032-8,25,9999,机械工业出版社,何少杰
269,一千零一夜,978-7-5427-4031-1,25,9999,机械工业出版社,何少杰
270,寓言故事,978-7-5427-4019-9,25,9999,机械工业出版社,何少杰
271,动物故事,978-7-5427-4017-5,25,9999,机械工业出版社,何少杰
272,安徒生童话,978-7-5427-4016-8,25,9999,机械工业出版社,何少杰
273,格林童话,978-7-5427-4015-1,25,9999,机械工业出版社,何少杰
274,新版唐诗精选导读,978-7-5427-4208-7,12.8,9999,机械工业出版社,张菁
275,寓言故事,978-7-5427-4521-7,16.8,9999,机械工业出版社,何少杰　主编
276,成语故事,978-7-5427-4519-4,16.8,9999,机械工业出版社,何少杰　主编
277,英语起步,978-7-5427-4522-4,16.8,9999,机械工业出版社,何少杰　主编
278,儿童学唐诗,978-7-5427-4512-5,16.8,9999,机械工业出版社,何少杰　主编
279,一千零一夜,978-7-5427-4513-2,16.8,9999,机械工业出版社,何少杰　主编
280,每天好故事,978-7-5427-4516-3,16.8,9999,机械工业出版社,何少杰　主编
281,动物故事,978-7-5427-4518-7,16.8,9999,机械工业出版社,何少杰　主编
282,拼音起步,978-7-5427-4520-0,16.8,9999,机械工业出版社,何少杰　主编
283,格林童话,978-7-5427-4515-6,16.8,9999,机械工业出版社,何少杰　主编
284,安徒生童话,978-7-5427-4517-0,16.8,9999,机械工业出版社,何少杰　主编
285,看图识字,978-7-5427-4523-1,16.8,9999,机械工业出版社,何少杰　主编
286,365夜故事,978-7-5427-4514-9,16.8,9999,机械工业出版社,何少杰　主编
287,插图设计博览,7-5427-2567-X,38,9999,机械工业出版社,白云工作室 编
288,版式设计博览,7-5427-2569-6,38,9999,机械工业出版社,白云工作室 编
289,封面设计博览,7-5427-2568-8,38,9999,机械工业出版社,白云工作室 编
290,上海第二届“东方之星”设计大赛作品集,978-7-5427-2955-2,180,9999,机械工业出版社,上海包装协会
291,袖珍实用色谱,7-5427-2966-7,28,9999,机械工业出版社,孙烨  编
292,中文版Flash 8动画制作经典208例（附盘）,978-7-5427-3737-3,42,9999,机械工业出版社,杨文广主编
293,中文版Flash 8动画设计技法轻松全掌握（附盘）,978-7-5427-3750-2,45,9999,机械工业出版社,杨文广主编
294,中文版Flash 8标准培训教程,978-7-5427-2975-0,32,9999,机械工业出版社,柏松主编
295,中文版ClrelDRAW 12标准培训教程,978-7-5427-3028-2,29.8,9999,机械工业出版社,柏松主编
296,中文版Illustrator CS2标准培训教程,978-7-5427-3617-8,30,9999,机械工业出版社,柏松主编
297,中文版PageMaker 7?0标准培训教程,978-7-5427-3616-1,26,9999,机械工业出版社,柏松主编
298,中文版Dreamweaver 8标准培训教程,978-7-5427-3625-3,28,9999,机械工业出版社,刘庆红邓又明主编
299,典范——中文版Illustrator  CS2平面图形设计经典教程（附盘）,978-7-5427-3683-3,32,9999,机械工业出版社,龙飞主编
300,中文版Flash 8.0新手上路,978-7-5427-3466-2,26.8,9999,机械工业出版社,谢川编著
301,中文版Photoshop CS2 新手上路,978-7-5427-3485-3,25,9999,机械工业出版社,杜素芳编著
302,中文版Photoshop CS创意设计实例教程,7-5427-2846-6,29.8,9999,机械工业出版社,柏松主编
303,超炫网页设计制作三合一（MX 2004）实例教程,7-5427-3076-2,35,9999,机械工业出版社,汉龙主编
304,中文版Photoshop CS2基础与实例教程,978-7-5427-3291-0,35,9999,机械工业出版社,柏松主编
305,中文版Photoshop CS2完美设计商业案例精粹,7-5427-3529-2,42,9999,机械工业出版社,龙飞主编
306,商业设计插画师——中文版Photoshop CS2人物插画技法金典,978-7-5427-3739-7,36,9999,机械工业出版社,龙飞主编
307,中文版Photoshop CS2绝妙创意设计完全攻略,978-7-5427-3688-8,39.8,9999,机械工业出版社,龙飞主编
308,中文版Photoshop CS2完美设计技法轻松全掌握（附盘）,978-7-5427-3740-3,48,9999,机械工业出版社,刘旭东主编
309,中文版Photoshop CS艺术创作高级案例特训教程,7-5427-3084-3,38,9999,机械工业出版社,张永穆
310,中文版Flash MX2004动画设计高级案例特训教程（赠盘）,7-5427-3405-9,39.8,9999,机械工业出版社,张永穆
311,中文版Photoshop CS经典特效制作200例,7-5427-2837-7,31.8,9999,机械工业出版社,章五一刘庆红主编
312,中文版PHotoshop CS包装与广告创意设计实例与技法（赠CD）,7-5427-2927-6,32,9999,机械工业出版社,夏三鳌
313,Lightscape 3.2室内装饰及商业效果图渲染实例与技法（赠CD）,978-7-5427-3282-8,35,9999,机械工业出版社,钟秀军
314,超强组合系列：Photoshop/CorelDRAW 平面设计1+1超强组合,978-7-5427-3874-5,39.8,9999,机械工业出版社,凤舞主编
315,中文版Illustrator标准碚训教程,978-7-5427-4027-4,29.8,9999,机械工业出版社,凤舞主编
316,魔法设计传奇系列：中文版CoreDRAW 经典平面设计200例,978-7-5427-3978-0,48,9999,机械工业出版社,凤舞主编
317,典范系列：中文版Illustrator CS3 平面设计完全攻略,978-7-5427-3862-2,42,9999,机械工业出版社,龙飞主编
318,中文版PHotoshop CS2经典创意设计实例与技法（赠CD）,7-5427-3523-3,46,9999,机械工业出版社,柏松
319,中文版Dreamweaver 8网页设计与色彩搭配实例与技法,978-7-5427-3964-3,48,9999,机械工业出版社,孙良军
320,中文版Photoshop数码相片处理案例与技法金典,978-7-5427-3959-9,35,9999,机械工业出版社,夏三鳌
321,中文版PHotoshop CS2基础与实例创意设计金典,978-7-5427-3546-1,36,9999,机械工业出版社,王百朋
322,中文版CorelDRAW X3平面图形设计经典教程,978-7-5427-3736-6,30,9999,机械工业出版社,龙飞
323,中文版CorelDRAW X3商业美术设计师速成金典,978-7-5427-3659-8,45,9999,机械工业出版社,龙飞主编
324,Dreamweaver MX 2004中文版教程,7-5427-2981-0,24,9999,机械工业出版社,方晨编著
325,3DS MAX 7中文版教程,7-5427-3304-4,24,9999,机械工业出版社,方晨编著
326,CorelDRAW 12中文版教程,7-5427-2138-0,24,9999,机械工业出版社,方晨编著
327,网页设计三剑客中文版教程（MX2004版）,7-5427-2673-0,24,9999,机械工业出版社,方晨主编
328,PageMaker 6.5中文版教程,7-5427-3098-3,24,9999,机械工业出版社,方晨主编
329,CorelDRAW 12中文版实用教程,978-7-5427-3408-2,19,9999,机械工业出版社,方晨编著
330,Dreamweaver 2008中文版实用教程,978-7-5427-3725-0,19,9999,机械工业出版社,方晨编著
331,Flash 8中文版实用教程,978-7-5427-3410-5,19,9999,机械工业出版社,方晨编著
332,PageMaker 6.5中文版实用教程,7-5427-3409-1,19,9999,机械工业出版社,方晨编著
333,3DS MAX 7中文版实例教程,7-5427-3414-8,32,9999,机械工业出版社,方晨编著
334,CorelDRAW 12中文版实例教程,978-7-5427-3266-8,29,9999,机械工业出版社,方晨编著
335,Dreamweaver MX 2004中文版实例教程,7-5427-3411-3,29,9999,机械工业出版社,方晨编著
336,Flash MX 2004中文版实例教程,7-5427-3329-X,29,9999,机械工业出版社,方晨编著
337,PageMaker 6.5中文版实例教程,7-5427-2319-7,29,9999,机械工业出版社,方晨编著
338,Photoshop CS中文版实例教程,978-7-5427-3413-6,29,9999,机械工业出版社,方晨编著
339,网页设计三剑客中文版实例教程,7-5427-3305-2,32,9999,机械工业出版社,方晨编著
340,中文版网页设计三剑客实例教程,978-7-5427-3749-6,32,9999,机械工业出版社,方晨编著
341,CorelDRAW X3中文版实例教程,978-7-5427-3778-6,29,9999,机械工业出版社,方晨编著
342,Fireworks 8中文版实例教程,7-5427-3478-4,29,9999,机械工业出版社,方晨编著
343,Dreamweaver 8中文版实例教程,978-7-5427-3605-5,29,9999,机械工业出版社,方晨编著
344,Photoshop CS2中文版实例教程,978-7-5427-3610-9,29,9999,机械工业出版社,方晨编著
345,Flash 8中文版实例教程,978-7-5427-3624-6,29,9999,机械工业出版社,方晨编著
346,Dreamweaver MX2004中文版入门与提高,7-5427-3110-6,36,9999,机械工业出版社,方晨主编
347,Flash 8中文版入门与提高,978-7-5427-3491-4,36,9999,机械工业出版社,方晨主编
348,Dreamweaver 8中文版入门与提高,7-5427-2110-0,39,9999,机械工业出版社,方晨主编
349,中文版网页设计三剑客入门与提高,978-7-5427-3312-2,39.8,9999,机械工业出版社,方晨主编
350,Flash MX 2004中文版操作与实例,7-5427-3138-6,45,9999,机械工业出版社,方晨主编
351,Photoshop CS中文版操作与实例,7-5427-3152-1,45,9999,机械工业出版社,方晨主编
352,8小时学会Photoshop CS中文版,978-7-5427-3096-1,25,9999,机械工业出版社,方晨主编
353,超越3ds max 7室内设计,7-5427-3012-6,49,9999,机械工业出版社,方晨主编
354,中文版 3ds Max 效果图制作入门与案例（附盘）,978-7-5427-4044-1,28,9999,机械工业出版社,李军
355,中文版 Dreamweaver 网页制作入门与案例（附盘）,978-7-5427-4020-5,30,9999,机械工业出版社,李军
356,中文版 CorelDRAW 图形设计入门与案例（附盘）,978-7-5427-4039-7,35,9999,机械工业出版社,李军
357,设计圣典—中文版Photoshop经典设计实例教程（附盘）,978-7-5427-3975-9,38,9999,机械工业出版社,龙飞主编
358,Core1DRAW X3中文版百例,978-7-5427-3246-0,39,9999,机械工业出版社,方晨编著
359,Photoshop CS2中文版103例（附盘）,978-7-5427-3489-1,39,9999,机械工业出版社,方晨编著
360,中文版3ds Max 8家装设计职业技能与商业应用教程（附盘）,978-7-5427-3618-5,36,9999,机械工业出版社,龙飞主编
361,中文版Dreamweaver 8精品网页设计经典教程,978-7-5427-2102-0,38,9999,机械工业出版社,何新起主编
362,中文版Photoshop CS2创意图像设计经典教程（赠CD）,978-7-5427-3553-9,38,9999,机械工业出版社,黄目冲主编
363,中文版3ds Max 8室内装饰效果图设计经典教程（附盘）,978-7-5427-3724-3,35,9999,中信出版社,陈志民主编
364,中文版Flash 8专业动画设计经典教程（附盘）,978-7-5427-3684-0,28,9999,中信出版社,龙飞主编
365,中文版Illustrator CS2商业设计完全征服教程,978-7-5427-3540-9,32,9999,中信出版社,柏松
366,中文版Photoshop CS2标准培训教程,978-7-5427-2951-4,32.8,9999,中信出版社,柏松主编
367,中文版Ulead会声会影9标准培训教程（赠CD）,7-5427-3262-5,32.8,9999,中信出版社,柏松主编
368,网页制作三剑客（studio 8）标准培训教程,978-7-5427-3281-1,28,9999,中信出版社,卓文主编
369,100例完全精通Corel DRAW,7-5427-3310-9,33,9999,中信出版社,王彬华编
370,中老年人学电脑·动画篇,7-5427-2740-0,18,9999,中信出版社,吴小凡主编
371,中老年人学电脑·图像篇,978-7-5427-3568-3,19.5,9999,中信出版社,吴小凡主编
372,中文版Dreamweaver 8网页设计经典商用案例 （附盘）,978-7-5427-3687-1,36,9999,中信出版社,何琛主编
373,中文版CorelDRAW X3图形设计经典商用案例,978-7-5427-3639-0,39.8,9999,中信出版社,龙飞主编
374,中文版Photoshop CS2时尚网页设计经典商用案例,978-7-5427-3682-6,40,9999,中信出版社,龙飞主编
375,中文版Photoshop CS2数码相片处理与婚纱设计经典商用案例,978-7-5427-3506-5,36,9999,中信出版社,龙飞主编
376,中文版Photoshop CS2VI设计经典商用案例,7-5427-3521-7,42,9999,中信出版社,龙飞主编
377,中文版Photoshop CS2包装设计经典商用案例,7-5427-3322-2,40,9999,中信出版社,龙飞主编
378,中文版 Photoshop 创意设计完全教程（附盘）,978-7-5427-3966-7,42,9999,中信出版社,龙飞
379,中文版Premiere Pro 2.0 影视编辑经典商用案例,978-7-5427-3821-9,39.8,9999,中信出版社,龙飞主编
380,典范：中文版Flash 网络广告设计完全教程,978-7-5427-3781-6,32,9999,中信出版社,龙飞主编
381,Photoshop CS3中文版入门与提高,978-7-5427-4038-0,36,9999,中信出版社,方晨
382,Photoshop 图像处理入门与案例,978-7-5427-4030-4,32,9999,中信出版社,李军
383,3ds Max+mental ray 室内装饰效果图渲染实例教程,978-7-5427-3842-4,42,9999,中信出版社,钟秀军
384,图解/系列色/相似色谱,978-7-5427-3902-5,68,9999,中信出版社,白云工作室编著
385,图解/分类色/配色色谱,978-7-5427-3901-8,68,9999,中信出版社,白云工作室编著
386,图解/常用色/标准色谱,978-7-5427-3900-1,68,9999,中信出版社,白云工作室编著
387,袖珍实用标准色谱,978-7-5427-4173-8,29,9999,中信出版社,齐舟设计工作室编
388,四色.金银色完全设计手册,978-7-5427-3987-2,75,9999,中信出版社,齐舟设计工作室 编
389,技术预见学概要,978-7-5427-3601-7,50,9999,中信出版社,杨耀武主编
390,简明中国冰川目录（中文版）,7-5427-3116-5,160,9999,中信出版社,施雅风主编
391,人造元素,7-5427-2737-0,38,9999,中信出版社,蔡善钰
392,陶瓷材料概论,7-5427-2433-9,40,9999,中信出版社,何贤昶  著
393,简明放射性同位素应用技术手册,7-5427-2502-5,100,9999,中信出版社,卢玉楷  主编
394,掺镱激光晶体材料,7-5427-3417-2,48,9999,中信出版社,徐军等
395,数据包络分析——理论和应用,7-5427-3309-5,28,9999,中信出版社,段永端  著
396,铁水脱硫喷枪用新型耐火材料研究,978-7-5427-3609-3,35,9999,中信出版社,李江，李楠著
397,CONCISE GLACIER INVENTORY OF CHINA,978-7-5427-3117-3,210,9999,中信出版社,施雅风主编
398,点源,978-7-5427-4220-9,105,9999,中信出版社,孙建中
399,基因与人类健康,978-7-5427-4336-7,23,9999,中信出版社,卢大儒　戴郁青　主编
400,社会生活大宝典,978-7-5427-2410-6,19.8,9999,中信出版社,卓文编著
401,神秘的地理与资源,978-7-5427-2354-3,19.8,9999,中信出版社,卓文编著
402,探索宇宙奥秘,978-7-5427-2767-1,19.8,9999,中信出版社,卓文编著
403,漫游自然人文景观,978-7-5427-2419-9,19.8,9999,中信出版社,卓文编著
404,绿色自然环保家园,978-7-5427-2992-7,19.8,9999,中信出版社,卓文编著
405,开启探索发现之门,978-7-5427-2363-5,19.8,9999,中信出版社,卓文编著
406,军事体育面面观,978-7-5427-2204-1,19.8,9999,中信出版社,卓文编著
407,解读历史·人物,978-7-5427-2355-0,19.8,9999,中信出版社,卓文编著
408,揭开人体健康之谜,978-7-5427-2344-4,19.8,9999,中信出版社,卓文编著
409,做做玩玩学科学,978-7-5427-3600-0,20,9999,中信出版社,上海市青少年科普促进会等编
410,走进动植物王国,978-7-5427-2147-1,19.8,9999,中信出版社,卓文编著
411,宇宙文明探秘,7-5427-3104-1,18,9999,中信出版社,李振良  著
412,生物“芯”时代,7-5427-2686-2,17,9999,中信出版社,卢大儒  等主编
413,决战海洋——帝国是怎样炼成的,7-5427-3429-6,32,9999,中信出版社,宋宜昌  著
414,科学的魅力,978-7-5427-3006-0,36,9999,中信出版社,李逸平  主编
415,科学家对你说,7-5427-3119-X,26,9999,中信出版社,上海人民广播电台《科普天天谈》节目  编
416,宗教与社会,7-5427-2874-1,22,9999,中信出版社,胡春风  著
417,火与剑的海洋,978-7-5427-3580-5,32,9999,中信出版社,宋宜昌著
418,揭开生命奥秘,978-7-5427-3695-6,16,9999,中信出版社,卢大儒
419,走进深海大洋,978-7-5427-3655-0,17,9999,中信出版社,崔维成，戚心源 编著
420,探索昆虫“语言”,978-7-5427-2133-4,15,9999,中信出版社,陈小钰编著
421,话说中国帆船,978-7-5427-3756-4,16.5,9999,中信出版社,杨槱，陈伯真编著
422,图解现代生态学入门,7-5427-2762-1,28,9999,中信出版社,吴人坚  等编著
423,科学大师,7-5427-2759-1,60,9999,中信出版社,（英）迈克尔.阿尔伯特
424,科学大师,7-5427-2547-5,200,9999,中信出版社,（英）迈克尔.阿尔伯特
425,多彩的昆虫世界——中国600种昆虫生态图鉴,978-7-5427-2765-7,100,9999,中信出版社,李利珍，赵梅君  主编
426,科技创新一万年,7-5427-3496-2,26,9999,中信出版社,陈泽加  编著
427,李约瑟传,978-7-5427-3480-8,50,9999,中信出版社,王钱国忠著
428,优化公众理解科学——欧洲科普纵览,978-7-5427-3604-8,48,9999,中信出版社,本书编译委员会译
429,《全民科学素质行动计划纲要》解读,978-7-5427-3733-5,30,9999,中信出版社,上海市公民科学素养工作领导小组办公室编
430,自主创新纵横谈,978-7-5427-3578-2,32,9999,中信出版社,王滨著
431,漫步趣味星空,978-7-5427-3825-7,19.8,9999,中信出版社,李元
432,与星星做朋友,978-7-5427-4077-9,18,9999,中信出版社,陈培堃
433,世界未解之谜,978-7-5427-3884-4,25,9999,中信出版社,卓文
434,海洋百科零距离,978-7-5427-3885-1,25,9999,中信出版社,卓文
435,世界奇迹大城堡,978-7-5427-3883-7,25,9999,中信出版社,卓文
436,世界之最大百科,978-7-5427-3882-0,25,9999,中信出版社,卓文
437,奇妙现象大揭秘,978-7-5427-3881-3,25,9999,中信出版社,卓文
438,海上大师——中国现代科学奠基者萍踪,978-7-5427-3672-7,39,9999,中信出版社,程新国编著
439,2007上海科技年鉴,978-7-5427-3789-2,250,9999,中信出版社,《上海科技年鉴》编辑部
440,材料的故事,978-7-5427-3696-3,14,9999,中信出版社,徐菁利等
441,大众技术史,978-7-5427-3697-0,30,9999,中信出版社,王滨
442,节能100问,978-7-5427-4093-9,12.8,9999,中信出版社,柯浦
443,突发事件救护实用手册,978-7-5427-4271-1,16,9999,中信出版社,上海市灾害防御协会
444,追求飞翔的梦,978-7-5427-3992-6,30,9999,中信出版社,顾伟国　金鸿明　主编
445,故事动物园,978-7-5427-3991-9,30,9999,中信出版社,上海动物园
446,上海野生动物园奇闻趣事,978-7-5427-4058-8,30,9999,中信出版社,宋德章　主编
447,走进北极,978-7-5427-4236-0,29.8,9999,中信出版社,颜其德主编
448,超级“黑”太阳,978-7-5427-2967-5,20,9999,中信出版社,赵君亮　林清　编著
449,从泰勒斯到达尔文——科学与宗教,978-7-5427-4240-7,20,9999,中信出版社,陈蓉霞　著
450,小手巧折纸(趣味馆),978-7-5427-4462-3,13.8,9999,中信出版社,尚丽红　主编
451,小手巧折纸(创意馆),978-7-5427-4461-6,13.8,9999,中信出版社,尚丽红　主编
452,小手巧折纸(启蒙馆),978-7-5427-4460-9,13.8,9999,中信出版社,张耀明　主编
453,小手巧折纸(潜能馆),978-7-5427-4459-3,13.8,9999,中信出版社,张耀明　主编
454,时空死结——星河科幻小说精品集,7-5427-3040-1,20,9999,中信出版社,星河  著
455,红色海洋——韩松长篇小说,7-5427-2986-1,28,9999,中信出版社,韩松  著
456,善恶女神——王晋康科幻小说精品集,7-5427-2883-0,20,9999,中信出版社,王晋康 著
457,带上她的眼睛——刘慈欣科幻小说精品集,7-5427-2904-7,20,9999,中信出版社,刘慈欣  著
458,无尽长河的尽头〔日〕小松左京,978-7-5427-3707-6,18,9999,中信出版社,(日)小松左京
459,蝙蝠龙,978-7-5427-2970-5,20,9999,中信出版社,（俄罗斯）季尔.布雷乔夫
460,太空幸存者〔俄〕季尔·布雷布夫著,7-5427-2969-1,20,9999,中信出版社,（俄）布雷乔夫  著
461,来自外星球的礼物〔美〕詹姆斯·冈恩著,7-5427-2816-4,15,9999,中信出版社,（美）詹姆斯
462,火星之旅〔美〕泰里·比森著,7-5427-2558-0,16,9999,中信出版社,（美）泰里.比森 著，石耳译
463,大战微型人〔俄〕季尔·布雷乔夫著,7-5427-2517-3,24,9999,中信出版社,（俄）布雷乔夫  著  王志冲  译
464,独闯金三角〔俄〕季尔·布雷乔夫著,7-5427-2510-6,17,9999,中信出版社,（俄）布雷乔夫
465,硅剑〔美〕杰克·威廉森著,7-5427-2595-5,19.8,9999,中信出版社,（美）杰克.威廉森  著  姜云生译
466,"节能减排,循环经济",978-7-5427-4302-2,19.8,9999,中信出版社,顾啸流主编
467,现代外科临床基础,7-5427-3062-2,76,9999,中信出版社,蔡清萍  主编
468,齿科是综合医院吗？,7-5427-3145-9,18,9999,中信出版社,（韩）黄永九  著
469,弥漫性肺病的CT诊断,978-7-5427-4304-6,145,9999,中信出版社,"许建荣,叶剑定等主编"
470,饮食养生全书——食物是最好的医药,978-7-5427-3976-6,19.8,9999,中信出版社,日知生活编委会编
471,长寿保健专家指南,978-7-5427-3892-9,19.8,9999,中信出版社,日知生活编委会编
472,家庭中医养生保健手册,978-7-5427-3973-5,19.8,9999,中信出版社,日知生活编委会编
473,更年期保健枕边书,978-7-5427-3008-4,19,9999,中信出版社,代凯军主编
474,穴位按摩保健法,7-5427-2170-4,13,9999,中信出版社,"蔡振扬,蔡林海 编著"
475,足部保健按摩,7-5427-3359-1,8.5,9999,中信出版社,陈佳君  编著
476,健康行为金点子,7-5427-3494-6,18,9999,中信出版社,蒋一方  主编
477,生活中来3000例——健康篇,978-7-5427-3923-0,16,9999,中信出版社,日知生活编委会
478,二十四节气饮食养生,978-7-5427-3702-1,24.8,9999,中信出版社,代凯军编著
479,老爸老妈健康养生全书,978-7-5427-3678-9,25.8,9999,中信出版社,代凯军主编
480,新编果蔬疗法大全,7-5427-2450-9,38,9999,中信出版社,陈泗传，肖新如　主编
481,中医养生1001问,978-7-5427-3652-9,29.9,9999,中信出版社,宋卫平等
482,中老年营养配餐,978-7-5427-2186-0,19.8,9999,中信出版社,代凯军编著
483,魅力女人瘦身配餐,978-7-5427-2189-1,19.8,9999,中信出版社,代凯军编著
484,常见病食疗手册,7-5427-3132-7,19.8,9999,中信出版社,刘斌主编
485,养生益寿保健手册,7-5427-3133-5,19.8,9999,中信出版社,郭勇主编
486,小细节巧保健,978-7-5427-3780-9,13.8,9999,中信出版社,潘荣先，谭宝全
487,图说生活健康指南系列·国医养生健康细节,978-7-5427-4259-9,19.8,9999,中信出版社,图说生活健康指南系列编委会
488,图说生活健康指南系列·细节决定健康(最新精华版),978-7-5427-4269-8,19.8,9999,中信出版社,图说生活健康指南系列编委会
489,这样吃气色才会好,978-7-5427-4095-3,28.8,9999,中信出版社,李家雄，郭月英著
490,实用养生保健180法,978-7-5427-4291-9,18,9999,中信出版社,蔡振扬编著
491,国医养生智慧.女人这样更健康,978-7-5427-4179-0,26.8,9999,中信出版社,崔先铎编著
492,国医养生智慧.男人这样更健康,978-7-5427-4178-3,24.8,9999,中信出版社,崔先铎编著
493,食养天年,978-7-5427-4124-0,25,9999,中信出版社,崔先铎编著
494,求医不如求食,978-7-5427-4360-2,19.8,9999,中信出版社,《图说生活·生活365系列》编委会
495,黄帝内经养生智慧,978-7-5427-4361-9,19.8,9999,中信出版社,《图说生活·生活365系列》编委会
496,不生病的诀窍,978-7-5427-4345-9,29,9999,中信出版社,刘光瑞著
497,让大医为健康作主,978-7-5427-4458-6,24.8,9999,中信出版社,耿金　著
498,中华饮食养生图典,978-7-5427-4480-7,39.8,9999,中信出版社,《大生活》编委会编
499,美容修复师,978-7-5427-4229-2,26,9999,中信出版社,中华全国工商业联合会美容化妆品业商会编
500,美女天然保养DIY,978-7-5427-3620-8,19.8,9999,中信出版社,代凯军，尚风
501,闪亮美女行动方案,978-7-5427-3621-5,19.8,9999,中信出版社,代凯军，尚风主编
502,美肌圣经,978-7-5427-4244-5,28,9999,中信出版社,赵颂杰编著
503,美丽圣经,978-7-5427-4363-3,19.8,9999,中信出版社,《图说生活·生活365系列》编委会
504,中医美容五百个为什么,978-7-5427-4339-8,46,9999,中信出版社,王海棠　主编
505,美容塑身减压瑜伽图典,978-7-5427-4481-4,39.8,9999,中信出版社,《大生活》编委会编
506,催眠心经（修订本）,978-7-5427-2328-4,25,9999,中信出版社,张亚  著
507,灵魂的黑夜,7-5427-2721-4,28,9999,中信出版社,（美）托马斯  著
508,释梦大全,7-5427-2942-X,36,9999,中信出版社,郑微微  译
509,女人20美丽刚刚开始,7-5427-3508-X,26,9999,中信出版社,李洁  编著
510,女人30风韵无法遮蔽,7-5427-3509-8,26,9999,中信出版社,李洁  编著
511,女人40魅力无法阻挡,7-5427-3510-1,26,9999,中信出版社,李洁  编著
512,学校团体心理游戏教程与案例,978-7-5427-2146-4,18,9999,中信出版社,"杨敏毅, 鞠瑞利  著"
513,心理与教育统计学,978-7-5427-2861-6,29,9999,中信出版社,邵志芳  著
514,心理测验与常用量表,978-7-5427-2748-0,19.8,9999,中信出版社,贺永清
515,做人做事要有禅机,978-7-5427-4078-6,29,9999,中信出版社,段洁编著
516,控制情绪调节心情的不生病活法,978-7-5427-4067-0,26.8,9999,中信出版社,周蓉靖编著
517,阳光思维  阳光心态  阳光性格,978-7-5427-4174-5,25.8,9999,中信出版社,周蓉靖
518,学前儿童心理与教育120问,978-7-5427-4413-5,22.8,9999,中信出版社,张明红　著
519,孕妈妈完全手册：全程营养篇,978-7-5427-3929-2,19.8,9999,中信出版社,日知生活编委会编
520,孕产妇日常护理,978-7-5427-2114-3,18,9999,中信出版社,高岭  编著
521,婴幼儿家庭护理,7-5427-2122-4,18,9999,中信出版社,张凡  编著
522,宝宝安全与救护,978-7-5427-2125-9,18,9999,中信出版社,刘进，刘湘琪  编著
523,轻松怀孕与分娩,7-5427-2126-7,18,9999,中信出版社,张凡  编著
524,婴幼儿营养餐桌,7-5427-2161-5,18,9999,中信出版社,郑宝俊
525,胎教每日一读,978-7-5427-2351-2,29.8,9999,中信出版社,董守红  编著
526,孕期每日一读,978-7-5427-2375-8,29.8,9999,中信出版社,董守红  编著
527,育婴每日一读,978-7-5427-2350-5,29.8,9999,中信出版社,董守红  编著
528,孕期保健月月谈,978-7-5427-3270-5,23.8,9999,中信出版社,张清滨主编
529,胎教优生月月谈,978-7-5427-3313-9,23.8,9999,中信出版社,张清滨主编
530,宝宝喂养月月谈,978-7-5427-3307-8,23.8,9999,中信出版社,张清滨主编
531,孕产妇优生保健全书,978-7-5427-3377-1,28.8,9999,中信出版社,李兴春  等主编
532,十月怀胎全书,978-7-5427-3380-1,28.8,9999,中信出版社,张湖德  主编
533,母婴护理全书,978-7-5427-3381-8,28.8,9999,中信出版社,张春改  等主编
534,怀孕优生全书,978-7-5427-3376-4,28.8,9999,中信出版社,张湖德  主编
535,科学育儿全书,978-7-5427-3384-9,28.8,9999,中信出版社,韩跃辉  主编
536,婴幼儿智力开发全书,978-7-5427-3378-8,28.8,9999,中信出版社,王利芳  编著
537,宝宝科学喂养全书,978-7-5427-3379-5,28.8,9999,中信出版社,董守红  编著
538,婴幼儿早期教育全书,978-7-5427-3448-8,28.8,9999,中信出版社,代敏  主编
539,让爱给你幸福,7-5427-2757-5,12.5,9999,中信出版社,（英）安妮 .尼科尔斯  著
540,影响孕期健康的365个细节,978-7-5427-3689-5,24.8,9999,中信出版社,代凯军主编
541,影响宝宝成长的365个细节,978-7-5427-3690-1,24.8,9999,中信出版社,代凯军主编
542,好身体宝宝运动训练,978-7-5427-3320-7,16.8,9999,中信出版社,代凯军主编
543,好心理宝宝心理素质训练,978-7-5427-3449-5,16.8,9999,中信出版社,代凯军主编
544,好聪明宝宝益智健体游戏,978-7-5427-3589-8,16.8,9999,中信出版社,代凯军主编
545,好口才宝宝语言训练,978-7-5427-3590-4,16.8,9999,中信出版社,代凯军  主编
546,好习惯宝宝行为习惯培养,978-7-5427-3591-1,16.8,9999,中信出版社,代凯军  主编
547,0～1岁成长方案,7-5427-3241-2,28.8,9999,中信出版社,张凡  编著
548,1～2岁成长方案,7-5427-3242-0,28.8,9999,中信出版社,张凡  编著
549,2～3岁成长方案,978-7-5427-3243-9,28.8,9999,中信出版社,张凡  编著
550,孕产妇营养餐桌,7-5427-2107-0,18,9999,中信出版社,李洁  编著
551,孕妈妈完全手册--医疗保健篇,978-7-5427-3930-8,19.8,9999,清华大学出版社,日知
552,提高孩子竟争力的36个好方法,978-7-5427-3926-1,26.8,9999,清华大学出版社,橡树国际
553,教育孩子时常犯的50个错误,978-7-5427-3915-5,26.8,9999,清华大学出版社,橡树国际
554,改变孩子一生的36堂人生课,978-7-5427-3897-4,29.8,9999,清华大学出版社,橡树国际
555,婴幼儿早教系列：孕产期优生营养食谱,978-7-5427-3777-9,26.8,9999,清华大学出版社,金海海豚婴幼儿早教课题组
556,导致家教失败的68个漏洞,978-7-5427-4064-9,25.8,9999,清华大学出版社,周蓉靖编著
557,没有平凡的孩子只有平庸的父母,978-7-5427-4066-3,25.8,9999,清华大学出版社,周蓉靖编著
558,父母的思路决定孩子的出路,978-7-5427-4065-6,25.8,9999,清华大学出版社,甄逸夫编著
559,宝宝睡眠全攻略,7-5427-2313-8,10,9999,清华大学出版社,张晓青　译
560,如果孩子不肯说话,7-5427-3100-9,10,9999,清华大学出版社,"张怿琛, 余茜　译"
561,孕期营养与养胎保胎,978-7-5427-3470-9,19.8,9999,清华大学出版社,石贇　主编
562,怀孕·分娩·育儿1001问,978-7-5427-3595-9,29.9,9999,清华大学出版社,宋卫平等
563,孕产妇营养配餐,978-7-5427-2172-3,19.8,9999,清华大学出版社,代凯军编著
564,0～4岁宝宝营养配餐,978-7-5427-2105-1,19.8,9999,清华大学出版社,代凯军编著
565,优生优育百事通,7-5427-3135-1,19.8,9999,清华大学出版社,吴世冉编著
566,胎教圣经,978-7-5427-3626-0,39,9999,清华大学出版社,代凯军主编
567,育儿圣经,978-7-5427-3627-7,39,9999,清华大学出版社,代凯军主编
568,怀孕圣经,978-7-5427-3628-4,39,9999,清华大学出版社,代凯军主编
569,儿童家庭医护大全,978-7-5427-3715-1,18,9999,清华大学出版社,郑泽霖
570,千绘妈妈的育儿手记,978-7-5427-4180-6,12.8,9999,清华大学出版社,徐奕著
571,图说生活妈咪宝贝系列·孕产期营养保健全程指导,978-7-5427-4260-5,19.8,9999,清华大学出版社,图说生活妈咪宝贝系列编委会编
572,图说生活妈咪宝贝系列·孕妈妈40周同步健康方案,978-7-5427-4272-8,19.8,9999,清华大学出版社,图说生活妈咪宝贝系列编委会编
573,妈咪宝贝系列：妊娠、分娩、育儿1000问,978-7-5427-2427-4,19.8,9999,清华大学出版社,《图说生活.妈咪宝贝系列》编委会编
574,0～3岁婴幼儿心理与优教,978-7-5427-4298-8,23.8,9999,清华大学出版社,韩棣华
575,怀孕圣经,978-7-5427-3502-7,36.8,9999,清华大学出版社,范海　主编
576,育儿圣经,978-7-5427-3503-4,36.8,9999,清华大学出版社,范海　主编
577,“80后”父母一站式哺喂启智教程,978-7-5427-4422-7,39.8,9999,清华大学出版社,道特科编著
578,“80后”父母一站式孕产育儿教程,978-7-5427-4423-4,39,9999,清华大学出版社,道科特编著
579,0～3岁宝宝哺育护理完全手册,978-7-5427-4494-4,29.8,9999,清华大学出版社,芦长萍　主编
580,80后孕妈妈40周全程指导,978-7-5427-4487-6,29.8,9999,清华大学出版社,芦长萍　主编
581,妊娠分娩产后育儿,978-7-5427-4477-7,39.8,9999,清华大学出版社,《大生活》编委会编
582,饮食宜忌速查宝典,978-7-5427-3974-2,19.8,9999,清华大学出版社,日知生活编委会编
583,瑜伽练习分步图解,978-7-5427-3939-1,19.8,9999,清华大学出版社,日知生活编委会编
584,家庭按摩彩色分步图解,978-7-5427-3914-8,19.8,9999,清华大学出版社,日知生活编委会编
585,新编养老护理,978-7-5427-2802-9,20,9999,清华大学出版社,"陈淑英,邵蕙芳 主编"
586,肾病、肾衰与痛风,7-5427-1657-3,10,9999,清华大学出版社,郭柳青
587,影响女性健康的365个细节,978-7-5427-3691-8,24.8,9999,清华大学出版社,代凯军主编
588,妇科病早治疗手册,978-7-5427-3748-9,19,9999,清华大学出版社,代凯军主编
589,来自身体的求救信号,978-7-5427-2381-9,19,9999,清华大学出版社,代凯军
590,东方名医名院录,978-7-5427-2127-3,35,9999,清华大学出版社,唐嘉豪　主编
591,家庭医学常识百科,978-7-5427-3141-8,19.8,9999,清华大学出版社,刘斌编著
592,“三高”2000问,978-7-5427-4243-8,32.8,9999,清华大学出版社,崔先锋编著
593,三高吃什么，怎么吃,978-7-5427-4241-4,32.8,9999,清华大学出版社,崔先锋编著
594,“三高”的非药物疗法,978-7-5427-4242-1,24.8,9999,清华大学出版社,崔先锋编著
595,对症穴位按摩图典,978-7-5427-4105-9,48,9999,清华大学出版社,姜颂鹏编著
596,经络按摩养生图典,978-7-5427-4140-0,52,9999,清华大学出版社,姜颂鹏编著
597,足部穴位按摩大图典,978-7-5427-4106-6,60,9999,清华大学出版社,姜颂鹏编著
598,简明足部按摩大图典,978-7-5427-4248-3,35,9999,清华大学出版社,杭州书丛文化传播有限公司
599,百姓看病问药,978-7-5427-4276-6,16,9999,清华大学出版社,柯普编著
600,图说生活健康指南系列·养生必知的饮食宜忌全书,978-7-5427-4263-6,19.8,9999,清华大学出版社,图说生活健康指南系列编委会
601,图说生活健康指南系列·细节决定健康（老年版）,978-7-5427-4270-4,19.8,9999,清华大学出版社,图说生活健康指南系列编委会
602,图说生活健康指南系列·家庭保健按摩分步图解,978-7-5427-4254-4,19.8,9999,清华大学出版社,图说生活健康指南系列编委会
603,图说生活健康指南系列·图解食物健康密码,978-7-5427-4258-2,19.8,9999,清华大学出版社,图说生活健康指南系列编委会
604,图说生活健康指南系列·解密家常药膳食疗妙方,978-7-5427-4267-4,19.8,9999,清华大学出版社,图说生活健康指南系列编委会
605,图说生活美丽女人系列·养毅塑身减压瑜伽全书,978-7-5427-4261-2,19.8,9999,清华大学出版社,图说生活美丽女人系列编委会
606,按摩穴位保健100法,978-7-5427-4292-6,18,9999,清华大学出版社,蔡振扬 蔡林海编著
607,做自己最好的家庭医生,978-7-5427-4362-6,19.8,9999,清华大学出版社,《图说生活·生活365系列》编委会
608,健康指南系列：图解本草纲目,978-7-5427-2425-0,19.8,9999,清华大学出版社,《图说生活.健康指南系列》编委会
609,健康指南系列：一学就会的国医养生自疗法,978-7-5427-2451-9,19.8,9999,清华大学出版社,《图说生活.健康指南系列》编委会
610,这样吃最健康,978-7-5427-4384-8,28,9999,清华大学出版社,窦勇　主编
611,糖尿病健康常识1000问,978-7-5427-4465-4,32.8,9999,清华大学出版社,李瑞秋主编
612,冠心病健康常识1000问,978-7-5427-4466-1,32.8,9999,清华大学出版社,刘景辉主编
613,高血压健康常识1000问,978-7-5427-4463-0,32.8,9999,清华大学出版社,李永清主编
614,肝病健康常识1000问,978-7-5427-4464-7,32.8,9999,清华大学出版社,崔先铎编著
615,人体经络按摩图典,978-7-5427-4483-8,39.8,9999,清华大学出版社,《大生活》编委会编
616,本草纲目养生图鉴,978-7-5427-4482-1,39.8,9999,清华大学出版社,《大生活》编委会编
617,黄帝内经养生智慧全书,978-7-5427-4478-4,39.8,9999,清华大学出版社,《大生活》编委会编
618,生命关怀的实践与缓和医学理论,978-7-5427-4143-1,68,9999,清华大学出版社,"施永兴,王光荣"
619,Photoshop CS3 中文版实用教程,978-7-5427-4091-5,22,9999,清华大学出版社,邾海波编著
620,系统安装与重装,978-7-5427-3859-2,26,9999,清华大学出版社,刘正红主编
621,电脑组装与维修,978-7-5427-3857-8,25,9999,清华大学出版社,李军
622,重装电脑不求人,978-7-5427-3819-6,9.8,9999,清华大学出版社,方晨编著
623,现场学电脑常见故障排除,978-7-5427-4046-5,29.8,9999,清华大学出版社,郭玲文等主编
624,电脑组装与维修标准培训教程,7-5427-2587-4,19,9999,清华大学出版社,邹杰等编著
625,2天精通装机、重装系统与维护,978-7-5427-2971-2,19.8,9999,清华大学出版社,王彬华伍云辉编著
626,电脑硬件维护·优化疑难问题与技巧详解,7-5427-2397-9,25,9999,清华大学出版社,天音工作室编著
627,新手学装机、维护与排障解疑与技巧1200例,978-7-5427-3488-4,28,9999,清华大学出版社,卓文主编
628,3天学会电脑维修,978-7-5427-2941-5,16.8,9999,清华大学出版社,卓文编著
629,3天学会电脑组装,978-7-5427-2939-2,16.8,9999,清华大学出版社,卓文编著
630,电脑与外设故障排除急救宝典,978-7-5427-3642-0,36,9999,清华大学出版社,红宝书编委会编著
631,Windowss操作应用,978-7-5427-3852-3,22.8,9999,清华大学出版社,刘正红主编
632,Windows Vista 中文版入门与提高,978-7-5427-3971-1,36,9999,清华大学出版社,方晨编著
633,注册表设置·维护疑难问题与技巧详解,7-5427-3303-6,25,9999,清华大学出版社,天音工作室编著
634,多系统配置·优化疑难问题与技巧详解,7-5427-3302-8,25,9999,清华大学出版社,天音工作室编著
635,Windows XP 新手上路,978-7-5427-3462-4,22,9999,清华大学出版社,朱萍编著
636,DOS/Windows命令速查宝典,978-7-5427-3911-7,29.8,9999,清华大学出版社,红宝书编委会编著
637,注册表应用妙招速查宝典,978-7-5427-3888-2,29.8,9999,清华大学出版社,红宝书编委会编著
638,Windows 应用妙招速查宝典,978-7-5427-3891-2,29.8,9999,清华大学出版社,红宝书编委会编著
639,巧学活用学电脑：Windows XP/Vista 操作应用一点通,978-7-5427-4012-0,25,9999,清华大学出版社,龙飞主编
640,中老年人学电脑·入门篇（Windows XP版）,978-7-5427-2739-8,17.5,9999,清华大学出版社,吴小凡主编
641,中老年人学电脑·提高篇（Windows XP版）,978-7-5427-3419-8,22,9999,清华大学出版社,吴小凡主编
642,BIOS与Windows注册表入门与提高,7-5427-3018-5,27,9999,清华大学出版社,郑奕编著
643,中文版Windows 操作应用,978-7-5427-4161-5,25,9999,清华大学出版社,柏松主编
644,中文版Windows Vista 入门与提高,978-7-5427-4162-2,28,9999,清华大学出版社,龙飞主编
645,Office 2007 中文版教程,978-7-5427-4154-7,25,9999,清华大学出版社,高海霞编著
646,中文版Windows Vista 标准培训教程,978-7-5427-4119-6,32,9999,清华大学出版社,龙飞主编
647,JSP从入门到精通,978-7-5427-3685-7,42,9999,清华大学出版社,张黎伟编著
648,Visual Basic程序设计标准教程,978-7-5427-3662-8,30,9999,清华大学出版社,袁福庆编著
649,梦幻网页设计黄金搭档（四合一）经典教程（赠CD）,7-5427-2401-0,36,9999,清华大学出版社,何琛主编
650,中老年人学上网·主页篇,7-5427-2833-4,16,9999,清华大学出版社,吴小凡主编
651,机械制图,978-7-5427-3704-5,22,9999,清华大学出版社,汪爱民张励编著
652,全球中文网址大黄页,978-7-5427-4042-7,68,9999,清华大学出版社,上海大学利普网络中心编
653,Dreamweaver MX2004与ASP动态网页设计实训教程,7-5427-3097-5,30,9999,清华大学出版社,刘小东陈艳玲主编
654,中文版Dreamweaver 8与ASP动态网站开发经典商用案例（附盘）,978-7-5427-3686-4,48,9999,清华大学出版社,向琛主编
655,网页设计与制作实训教程（赠盘）,7-5427-3137-8,29.8,9999,清华大学出版社,李铄主编
656,计算机网络及应用,978-7-5427-3306-1,26,9999,清华大学出版社,马志峰主编
657,新手学网站建设解疑与技巧1200例,978-7-5427-3458-7,28,9999,清华大学出版社,卓文主编
658,电脑网上冲浪实务通,7-5427-2715-X,12,9999,清华大学出版社,主编崔慧勇
659,Internet 应用基础,978-7-5427-4279-7,20,9999,清华大学出版社,李玖编著
660,淘宝开店一本通,978-7-5427-4435-7,26.8,9999,清华大学出版社,芦萍主编
661,博客人气王,978-7-5427-4448-7,22.8,9999,清华大学出版社,芦萍主编
662,网店货物管理指导,978-7-5427-4442-5,22.8,9999,清华大学出版社,芦萍主编
663,开家赚钱的网店,978-7-5427-4446-3,25.8,9999,清华大学出版社,芦萍主编
664,中文版Photoshop标准教程,978-7-5427-4411-1,32.8,9999,清华大学出版社,李宁，龙飞主编
665,中文版CroelDRAW 图形设计完全教程,978-7-5427-3896-7,38,9999,清华大学出版社,龙飞主编
666,Photoshop 图像处理,978-7-5427-3873-8,25,9999,清华大学出版社,刘正红主编
667,Illustrator CS2中文版100例,978-7-5427-3766-3,36,9999,清华大学出版社,方晨编著
668,CorelDRAW X3 中文版实用教程,978-7-5427-3960-5,19,9999,清华大学出版社,方晨编著
669,Flash 8中文版教程,978-7-5427-3830-1,24,9999,清华大学出版社,方晨等
670,Photoshop CS2 中文版教程,978-7-5427-3812-7,24,9999,清华大学出版社,方晨编著
671,中文版After Effects 7.0 标准培训教程,978-7-5427-3791-5,30,9999,清华大学出版社,龙飞主编
672,中文版Flash8动画设计经典商用案例,978-7-5427-3643-7,45,9999,清华大学出版社,龙飞主编
673,Illustrator CS2中文版教程,978-7-5427-3640-6,24,9999,清华大学出版社,方晨编著
674,Illustrator CS2中文版实例教程,978-7-5427-3641-3,29,9999,清华大学出版社,方晨编著
675,Dreamweaver 8中文版教程,978-7-5427-3957-5,24,9999,清华大学出版社,方晨编著
676,中文版Photoshop CS2商业美术设计师速成金典,978-7-5427-3723-6,36,9999,清华大学出版社,袁福庆编著
677,中文版Photoshop 标准培训教程,978-7-5427-3858-5,32.5,9999,清华大学出版社,龙飞主编
678,Photoshop CS2 中文版实用教程,978-7-5427-3961-2,19,9999,清华大学出版社,方晨编
679,中文版网页设计三剑客教程,978-7-5427-3890-5,24,9999,清华大学出版社,方晨编著
680,CorelDRAW X3 中文版教程,978-7-5427-3965-0,24,9999,清华大学出版社,方晨编著
681,中文版CorelDRAW 标准培训教程,978-7-5427-3954-4,28,9999,清华大学出版社,龙飞主编
682,典范系列：网页制作最佳拍档四合一完全攻略,978-7-5427-3953-7,48,9999,清华大学出版社,龙飞主编
683,现场学Photoshop,978-7-5427-3996-4,32,9999,清华大学出版社,郭文玲等主编
684,计算机入门与提高实用教程系列：中文版CorelDRAW X3 入门与提高,978-7-5427-4040-3,32.8,9999,清华大学出版社,龙飞主编
685,中文版Photoshop CS2卡漫设计经典商用案例,7-5427-3530-6,32,9999,清华大学出版社,龙飞主编
686,中文版3ds Max 8家居效果图设计完全攻略,978-7-5427-3602-4,32.8,9999,清华大学出版社,夏三鳌编著
687,Word 2003 中文版实用教程,978-7-5427-4013-7,19,9999,清华大学出版社,方晨编著
688,Flash CS3 中文版实用教程,978-7-5427-1811-2,22,9999,清华大学出版社,方晨编著
689,Photohsop CS3中文版实例教程,978-7-5427-4036-6,29,9999,清华大学出版社,方晨编著
690,Dreamweaver CS3 中文版实用教程,978-7-5427-4141-7,24,9999,清华大学出版社,刘劲鸥编著
691,Illustrator CS3 中文版实例教程,978-7-5427-4210-0,29,9999,清华大学出版社,方晨编著
692,中文版Photoshop 短训教程,978-7-5427-4274-2,29.8,9999,清华大学出版社,李宁主编
693,中文版Photoshop 经典实录228例,978-7-5427-4310-7,39.8,9999,清华大学出版社,郭领艳主编
694,Illustrator CS3 中文版实用教程,978-7-5427-4090-8,22,9999,清华大学出版社,杨雪梅
695,网页制作最佳拍档四合一完全自学手册,978-7-5427-4334-3,39.8,9999,清华大学出版社,居维玲主编
696,Photoshop CS3 中文版105例,978-7-5427-3916-2,39,9999,清华大学出版社,方晨编著
697,InDesign CS3 中文版实用教程,978-7-5427-4429-6,22,9999,清华大学出版社,杨雪梅　编著
698,中文版3ds MAX 应用基础教程,978-7-5427-4505-7,32.8,9999,清华大学出版社,颜虹主编
699,中文版Dreamweaver应用基础教程,978-7-5427-4495-1,35,9999,清华大学出版社,颜虹主编
700,中文版CorelDRAW应用基础教程,978-7-5427-4486-9,36.8,9999,清华大学出版社,颜虹主编
701,Photoshop CS4 中文版实例教程,978-7-5427-4474-6,29,9999,清华大学出版社,方晨　编著
702,AutoCAD 2007 中文版教程,978-7-5427-3887-5,24,9999,清华大学出版社,方晨
703,中文版AutoCAD机械制图完全教程,978-7-5427-3811-0,26.8,9999,清华大学出版社,龙飞主编
704,AutoCAD 2007 中文版机械制图上机练习100例,978-7-5427-3861-5,35,9999,清华大学出版社,方晨主编
705,中文版AutoCAD 标准培训教程,978-7-5427-3956-8,35,9999,清华大学出版社,龙飞主编
706,AutoCAD 2007 中文版建筑制图上机练习105例,978-7-5427-3741-0,35,9999,清华大学出版社,方晨编著
707,现场学AutoCAD2008,978-7-5427-4041-0,38,9999,清华大学出版社,郭玲文主编
708,AutoCAD 2008 中文版建筑制图实例教程,978-7-5427-4037-3,29,9999,清华大学出版社,方晨等
709,典范——中文版AutoCAD 2007建筑制图完全攻略,978-7-5427-3742-7,30,9999,清华大学出版社,龙飞主编
710,典范——中文版Pro/ENGINEER(野火版)产品设计完全攻略,978-7-5427-3806-6,32,9999,清华大学出版社,龙飞主编
711,中文版Protel DXP新手上路,978-7-5427-3487-7,20,9999,清华大学出版社,徐建平编著
712,中文版Pro/ENGINEER WildFire机械设计实例教程（赠盘）,7-5427-3207-2,32,9999,清华大学出版社,柏松主编
713,中文版AutoCAD 2006机械制图实例教程,978-7-5427-3416-7,35,9999,清华大学出版社,马军主编
714,中文版AutoCAD 2007建筑图形设计实例与技法,978-7-5427-3567-6,30,9999,清华大学出版社,龙飞
715,中文版Pro/ENGINEER Wildfire 3?0产品设计实例与技法,978-7-5427-3661-1,24,9999,清华大学出版社,龙飞
716,中文版AutoCAD 2007经典辅助设计200例,978-7-5427-3679-6,38,9999,清华大学出版社,龙飞
717,AutoCAD 2006中文版实用教程,978-7-5427-3490-7,19,9999,清华大学出版社,方晨编著
718,Aoto CAD 2006中文版机械制图实用教程,978-7-5427-3681-9,19,9999,清华大学出版社,方晨编著
719,AutoCAD 2006中文版机械制图实例教程,978-7-5427-3479-2,29,9999,清华大学出版社,方晨编著
720,AutoCAD 2006中文版建筑制图实例教程,978-7-5427-3499-0,29,9999,清华大学出版社,方晨编著
721,AutoCAD 2006中文版实例教程,978-7-5427-3280-4,29,9999,清华大学出版社,方晨编著
722,AutoCAD 2007中文版建筑制图实例教程,978-7-5427-3646-8,29,9999,清华大学出版社,方晨编著
723,AutoCAD 2007中文版实例教程,978-7-5427-3623-9,29,9999,清华大学出版社,方晨编著
724,AutoCAD 2007中文版机械制图实例教程,978-7-5427-3645-1,29,9999,清华大学出版社,方晨编著
725,中文版Pro/ENGINEER Wildfire 3.0入门与提高,978-7-5427-3657-4,32,9999,清华大学出版社,龙飞编著
726,AutoCAD 2008 中文版机械制图实例教程,978-7-5427-4035-9,29,9999,清华大学出版社,方晨
727,中文版 AutoCAD 建筑设计入门与案例（附盘）,978-7-5427-3968-1,32,9999,清华大学出版社,李军
728,中文版AutoCAD 2006建筑图形设计经典教程,978-7-5427-2985-9,32.8,9999,清华大学出版社,苏风华主编
729,中文版AutoCAD 2005机械设计精粹（赠盘）,978-7-5427-3088-6,36,9999,清华大学出版社,谭贤谭中阳主编
730,中文版AutoCAD 2005建筑设计精粹（赠盘）,7-5427-3122-X,36.8,9999,清华大学出版社,谭贤杨端阳主编
731,100例完全精通Auto CAD,7-5427-3311-7,33,9999,清华大学出版社,王彬华编
732,中文版AutoCAD0辅助绘图,978-7-5427-1823-5,25,9999,清华大学出版社,柏松主编
733,AutoCAD 2008 中文版机械制图教程,978-7-5427-4247-6,26,9999,清华大学出版社,于萍
734,AutoCAD 2007 中文版机械制图教程,978-7-5427-3952-0,24,9999,清华大学出版社,方晨主编
735,AutoCAD 2008 中文版建筑制图实用教程,978-7-5427-4245-2,22,9999,清华大学出版社,于萍编著
736,AutoCAD 2008 中文版实例教程,978-7-5427-3970-4,29,9999,清华大学出版社,方晨编著
737,AutoCAD 2008 机械制图习题精解,978-7-5427-3927-8,26,9999,清华大学出版社,方晨编著
738,AutoCAD 2008 中文版实用教程,978-7-5427-4207-0,22,9999,清华大学出版社,于萍编著
739,中文版AutoCAD 完全自学手册（附盘）,978-7-5427-4249-0,32.8,9999,清华大学出版社,凤舞主编
740,中文版 Pro/ENGINEER 完全自学手册（附盘）,978-7-5427-4273-5,32,9999,清华大学出版社,凤舞主编
741,中文版AutoCAD 标准教程,978-7-5427-4366-4,29.8,9999,清华大学出版社,柏松主编　赵国友副主编
742,AutoCAD 2009 中文版机械制图实例教程,978-7-5427-4455-5,29,9999,清华大学出版社,方晨编著
743,AutoCAD 2009 中文版建筑制图实例教程,978-7-5427-4457-9,29,9999,清华大学出版社,方晨　编著
744,常用工具软件,978-7-5427-3804-2,22.8,9999,清华大学出版社,李军
745,电脑办公,978-7-5427-3853-0,28,9999,清华大学出版社,李军
746,电脑入门,978-7-5427-3805-9,20,9999,清华大学出版社,李军
747,电脑上网,978-7-5427-3856-1,22.8,9999,清华大学出版社,刘正红主编
748,中文版Office 2007 入门与提高,978-7-5427-3955-1,38,9999,清华大学出版社,龙飞主编
749,电脑短训教程,978-7-5427-3836-3,16,9999,清华大学出版社,方晨
750,电脑操作入门一点通（附盘）,978-7-5427-3660-4,22.8,9999,清华大学出版社,龙飞
751,Excel 电子表格制作,978-7-5427-3872-1,22.8,9999,清华大学出版社,刘正红主编
752,计算机应用基础教程,978-7-5427-3967-4,24,9999,清华大学出版社,方晨编著
753,巧学活用学电脑：电脑上网操作与技巧一点通,978-7-5427-4026-7,25,9999,清华大学出版社,龙飞主编
754,中文版 Word  高效办公一点通（附盘）,978-7-5427-3878-3,28,9999,清华大学出版社,龙飞
755,Office 2003 中文版教程,978-7-5427-3969-8,24,9999,清华大学出版社,方晨编著
756,中文版Office高效办公一点通,978-7-5427-3972-8,28,9999,清华大学出版社,龙飞主编
757,中文版Excel 2003基础应用与提高,978-7-5427-3396-2,26.8,9999,清华大学出版社,汉龙主编
758,中文版Excel 2003函数与图表分析应用案例,978-7-5427-3395-5,32,9999,清华大学出版社,郭瑞吴钦春主编
759,中文版Excel 2003财会管理案例精解,7-5427-3394-X,28,9999,清华大学出版社,单红冯睿主编
760,Excel企业管理实例精讲,978-7-5427-3483-9,38,9999,清华大学出版社,冯睿主编
761,中文版2003Excel公司管理,7-5427-3539-X,28,9999,清华大学出版社,赵建周主编
762,中文版Excel 2003财务管理高效办公完全案例精讲,978-7-5427-3635-2,28,9999,清华大学出版社,才建平主编
763,Excel 2003中文版实用教程,978-7-5427-3636-9,19,9999,清华大学出版社,方晨主编
764,中文版AutoCAD 2006标准培训教程,978-7-5427-3451-8,38,9999,清华大学出版社,柏松主编
765,2天精通电脑上网,978-7-5427-2972-9,19.8,9999,清华大学出版社,王彬华伍云辉编著
766,2天精通五笔字型打字与Word排版,978-7-5427-2989-7,19.8,9999,清华大学出版社,王彬华伍云辉编著
767,2天精通办公自动化,7-5427-2990-X,19.8,9999,清华大学出版社,王彬华伍云辉编著
768,2天精通电脑,978-7-5427-2950-7,19.8,9999,清华大学出版社,王彬华伍云辉编著
769,Office应用·维护疑难问题与技巧详解,7-5427-2396-0,25,9999,清华大学出版社,天音工作室编著
770,中文版Excel 2003新手上路,978-7-5427-3465-5,25,9999,清华大学出版社,徐建平编著
771,中文版 Word 2003新手上路,978-7-5427-3464-8,20,9999,清华大学出版社,杨鸿林编著
772,电脑上网新手上路,978-7-5427-3461-7,19.8,9999,清华大学出版社,杨鸿林编著
773,Office 2003新手上路,978-7-5427-3486-0,28,9999,清华大学出版社,杨国强编著
774,电脑办公新手上路,978-7-5427-3463-1,26,9999,清华大学出版社,郭航编著
775,电脑入门新手上路,978-7-5427-3484-6,28,9999,清华大学出版社,王文彬编著
776,电脑办公实用宝典,978-7-5427-3847-9,29.8,9999,清华大学出版社,红宝书编委会编著
777,新手学电脑操作解疑与技巧1200例,978-7-5427-3452-5,28,9999,清华大学出版社,卓文主编
778,新手学上网解疑与技巧1200例,978-7-5427-3453-2,28,9999,清华大学出版社,卓文主编
779,Fireworks 8中文版教程,7-5427-2117-8,24,9999,清华大学出版社,方晨编著
780,新编电脑短训教程,978-7-5427-3693-2,14.8,9999,清华大学出版社,方晨编著
781,新编电脑办公自动化教程,978-7-5427-3747-2,26,9999,清华大学出版社,方晨编著
782,计算机文化基础,978-7-5427-3500-3,18,9999,清华大学出版社,方晨编著
783,Office 2003中文版实例教程,978-7-5427-3492-1,29,9999,清华大学出版社,方晨编著
784,Photoshop CS2中文版入门与提高,978-7-5427-2402-1,36,9999,清华大学出版社,方晨主编
785,电脑操作入门与提高,978-7-5427-3284-2,29.8,9999,清华大学出版社,方晨主编
786,Internet 上网妙招速查宝典,978-7-5427-3675-8,29.8,9999,清华大学出版社,红宝书编委会编著
787,电脑常用快捷键速查宝典,978-7-5427-3893-6,29.8,9999,清华大学出版社,红宝书编委会编著
788,电脑红宝书·电脑操作应用妙招速查宝典,978-7-5427-3677-2,29.8,9999,清华大学出版社,电脑红宝书编委会编
789,黑客攻防妙招速查宝典,978-7-5427-3694-9,29.8,9999,清华大学出版社,红宝书编委会编著
790,电脑医生妙招速查宝典,978-7-5427-3658-1,29.8,9999,清华大学出版社,红宝书编委会编著
791,网络办公实用宝典,978-7-5427-3840-0,29.8,9999,清华大学出版社,红宝书编委会编著
792,Office 应用妙招速查宝典,978-7-5427-3837-0,29.8,9999,清华大学出版社,红宝书编委会编著
793,计算机应用基础,7-5427-3151-3,24,9999,清华大学出版社,方晨主编
794,Excel 2007 实战应用大全（附盘）,978-7-5427-3997-1,45,9999,清华大学出版社,刘丹，陶则熙
795,中文版 Office 公司办公完全教程（附盘）,978-7-5427-3839-4,36,9999,清华大学出版社,龙飞
796,"Word,Excel,PowerPoint 三合一教程",978-7-5427-3877-6,22,9999,清华大学出版社,方晨编著
797,巧学活用学电脑：家用电脑使用技巧一点通,978-7-5427-4021-2,26,9999,清华大学出版社,龙飞主编
798,电脑入门——我的第一本电脑书,978-7-5427-3607-9,19.8,9999,清华大学出版社,方晨编著
799,电脑常用工具软件,978-7-5427-3593-5,16,9999,清华大学出版社,方晨编著
800,3天学会电脑操作,978-7-5427-2935-4,16.8,9999,清华大学出版社,卓文编著
801,3天学会上网冲浪,978-7-5427-2936-1,16,9999,清华大学出版社,卓文编著
802,Internet秘技万事通,7-5427-3263-3,26,9999,清华大学出版社,上大利普
803,电脑医生妙方800招,978-7-5427-3603-1,28.8,9999,清华大学出版社,罗振候等编著
804,office秘技万事通,7-5427-3434-2,26,9999,清华大学出版社,罗振候等编著
805,电脑操作应用秘技万事通,978-7-5427-3272-9,28.8,9999,清华大学出版社,周红群等编著
806,电脑打字排版实务通,7-5427-2716-8,12,9999,清华大学出版社,主编任立功
807,电脑综合应用能力入门与提高,7-5427-3340-0,27,9999,清华大学出版社,徐书成编著
808,电脑办公自动化入门与提高,7-5427-2949-7,29.5,9999,清华大学出版社,郭欣编著
809,中文版 UG NX 4.0入门与提高（附盘）,978-7-5427-3768-7,28,9999,清华大学出版社,龙飞
810,电脑入门实用宝典,978-7-5427-4200-1,29.8,9999,清华大学出版社,红宝书编委会编著
811,电脑选购与装配宝典,978-7-5427-4199-8,29.8,9999,清华大学出版社,红宝书编委会编著
812,电脑组装与维修宝典,978-7-5427-4198-1,29.8,9999,清华大学出版社,红宝书编委会编著
813,电脑常用工具软件实用宝典,978-7-5427-4197-4,29.8,9999,清华大学出版社,红宝书编委会编著
814,轻松实现：移动办公,978-7-5427-3958-2,34.8,9999,清华大学出版社,罗振候，汪浩栋编著
815,电脑操作入门（配光盘）,978-7-5427-2030-6,28.8,9999,清华大学出版社,柏松
816,电脑办公应用,978-7-5427-2029-0,28.8,9999,清华大学出版社,柏松主编
817,中文版Word办公应用（配光盘）,978-7-5427-1793-1,28.8,9999,清华大学出版社,柏松主编
818,中文版Office办公应用（配光盘）,978-7-5427-1825-9,26.8,9999,清华大学出版社,柏松主编
819,中文版Excel表格制作,978-7-5427-1799-3,25,9999,清华大学出版社,柏松主编
820,中文版Dreamweaver网页设计,978-7-5427-1813-6,23.8,9999,清华大学出版社,柏松主编
821,中文版Excel 2007 高效办公一点通,978-7-5427-4011-3,26,9999,清华大学出版社,龙飞主编
822,网页设计三剑客文版实例教程,978-7-5427-4150-9,32,9999,清华大学出版社,方晨等
823,中文版Office完全自学手册（附光盘）,978-7-5427-3669-7,38,9999,清华大学出版社,凤舞主编
824,中文版Windows Office 应用教程,978-7-5427-3033-6,22,9999,清华大学出版社,崔洲浩　主编
825,Office 2007 中文版实例教程,978-7-5427-4256-8,29,9999,清华大学出版社,方晨  编著
826,新编电脑入门与提高,978-7-5427-4473-9,32,9999,清华大学出版社,方晨　编著
827,新编电脑短训教程,978-7-5427-4469-2,16,9999,清华大学出版社,高海霞主编
828,电脑办公一本精,978-7-5427-4470-9,22.8,9999,清华大学出版社,李全红编著
829,中老年人学电脑入门篇（Windows Vista版）,978-7-5427-4374-9,17.5,9999,清华大学出版社,吴翠萍等主编
830,硬件与数码专辑（附赠光盘一张）,978-7-5427-3215-6,25,9999,清华大学出版社,天音工作室编著
831,网络与安全专辑（附赠光盘一张）,978-7-5427-3210-1,28.8,9999,清华大学出版社,天音工作室编著
832,中国电脑教育报精华本——软件与多媒体专辑,978-7-5427-3209-5,28.8,9999,清华大学出版社,天音工作室编著
833,中文版Photoshop CS数码照片修饰与处理典型实例,7-5427-3418-0,32,9999,清华大学出版社,刘雪姣主编
834,中文版Ulead会声会影9数码影像编辑实例教程,7-5427-3343-5,32,9999,清华大学出版社,张增强主编
835,中文版会声会影9数码视频编辑实例与技法,7-5427-3569-1,45,9999,清华大学出版社,龙飞
836,中老年人学电脑·数码篇,7-5427-3233-1,16,9999,清华大学出版社,吴小凡主编
837, 数码照片修饰技法新解,7-5427-3566-7,32,9999,清华大学出版社,吴正亮编著
838,超快速学五笔,978-7-5427-3910-0,9,9999,清华大学出版社,方行
839,五笔打字,978-7-5427-3841-7,22,9999,清华大学出版社,刘正红主编
840,五笔字型学易通系列：五笔字型编码字词速查,978-7-5427-3906-3,22,9999,清华大学出版社,卓文编著
841,五笔字型学易通系列：最新五笔字型短训教程,978-7-5427-4049-6,24,9999,清华大学出版社,卓文主编
842,五笔字型学易通：新手学五笔打字,978-7-5427-3928-5,22.8,9999,清华大学出版社,蒋阿通主编
843,五笔字型学易通系列：五笔打字新手速成,978-7-5427-3876-9,26,9999,清华大学出版社,卓文主编
844,五笔字型输入实用宝典,978-7-5427-3848-6,29.8,9999,清华大学出版社,红宝书编委会编著
845,五笔字型字根拆分速查宝典,978-7-5427-3907-0,18.8,9999,清华大学出版社,红宝书编委会编著
846,五笔字型编码拆分速成,978-7-5427-3875-2,19.8,9999,清华大学出版社,卓文主编
847,中文录入五笔字型速成,978-7-5427-4028-1,15,9999,清华大学出版社,卓文主编
848,2天学会五笔字型,978-7-5427-2926-2,16,9999,清华大学出版社,卓文编著
849,4小时学会五笔字型（全国优秀畅销书）,978-7-5427-2584-4,18,9999,清华大学出版社,彭龙士著
850,五笔字型超级自学字典,978-7-5427-3544-7,9.5,9999,清华大学出版社,纵如之编著
851,五笔字型自学一册通,978-7-5427-3531-7,13.8,9999,清华大学出版社,张利贞编著
852,五笔字型一日练成,978-7-5427-3537-9,11.8,9999,清华大学出版社,张利贞编著
853,五笔字型与文字录入入门与提高,7-5427-2996-9,19.5,9999,清华大学出版社,祁雪萍编著
854,无师自通学五笔,978-7-5427-1810-5,11,9999,清华大学出版社,方行编著
855,不背字根学五笔字型,978-7-5427-4299-5,14.8,9999,清华大学出版社,李彪　主编
856,快乐五笔速成3日通,978-7-5427-4288-9,13.5,9999,清华大学出版社,李彪　主编
857,疯狂五笔大比拼,978-7-5427-4280-3,15,9999,清华大学出版社,李彪
858,五笔字型盲打技能训练,978-7-5427-4289-6,15,9999,清华大学出版社,李彪
859,口袋五笔：五笔字型速查速用手册,978-7-5427-3481-5,10,9999,清华大学出版社,李彪主编
860,极速风暴：五笔打字高手速成教程,978-7-5427-4300-8,19.8,9999,清华大学出版社,李彪主编
861,五笔字型学查练手册,978-7-5427-3493-8,13.8,9999,清华大学出版社,李彪主编
862,计算机基础应用标准教程,978-7-5427-3522-5,30,9999,清华大学出版社,袁福庆主编
863,大学生计算机基础教程,978-7-5427-3634-5,26,9999,清华大学出版社,刘跃军张海峰主编
864,计算机组装与维护教程,978-7-5427-4059-5,26,9999,清华大学出版社,方晨编著
865,中文版Premiere Pro标准培训教程,978-7-5427-3450-1,35,9999,清华大学出版社,柏松主编
866,青少年多媒体培训教材之Photoshop 7.0（赠光盘）,7-5427-3211-0,18,9999,清华大学出版社,上海市多媒体考办
867,青少年多媒体培训教材之 Dreamweaver MX（赠光盘）,7-5427-3213-7,18,9999,清华大学出版社,上海市多媒体考办
868,青少年多媒体培训教材之 Flas MX（赠光盘）,7-5427-3212-9,20,9999,清华大学出版社,上海市多媒体考办
869,中文版Photoshop CS平面设计技能培训教程（赠CD）,978-7-5427-3401-3,29.8,9999,清华大学出版社,柏松主编
870,中文版Flash MX 2004动画制作技能培训教程（赠CD）,7-5427-3403-2,28.8,9999,清华大学出版社,青山主编
871,中文版CoreIDRAW 12图形设计技能培训教程（赠CD）,7-5427-3404-0,32,9999,清华大学出版社,青山主编
872,中文版Anto CAD2005/2006建筑制图技能培训教程（赠CD）,7-5427-3398-2,32.8,9999,清华大学出版社,青山主编
873,中文版Anto CAD2005/2006机械绘图技能培训教程（赠CD）,978-7-5427-3400-6,35,9999,清华大学出版社,柏松主编
874,网页制作技能培训教程（赠CD）,7-5427-3397-4,29,9999,清华大学出版社,青山主编
875,计算机组装与维护技能培训教程,7-5427-3399-0,25,9999,清华大学出版社,青山主编
876,计算机网络管理技能培训教程,7-5427-3406-7,26,9999,清华大学出版社,汉龙主编
877,中文版Photoshop应用基础教程,978-7-5427-3383-2,32,9999,清华大学出版社,卓文主编
878,中文版Office应用基础教程,7-5427-3382-6,30,9999,清华大学出版社,卢秋根主编
879,中文版Flash应用基础教程,7-5427-3360-5,30,9999,清华大学出版社,卓文主编
880,计算机应用基础教程,978-7-5427-3357-3,29.8,9999,清华大学出版社,崔慧勇主编
881,计算机文化基础教程,978-7-5427-2998-9,22.8,9999,清华大学出版社,王卫中主编
882,计算机基础上机实验与习题,978-7-5427-3355-9,19.8,9999,清华大学出版社,崔亚量主编
883,计算机公共基础教程与上机操作实例指导,978-7-5427-3354-2,26,9999,清华大学出版社,崔亚量主编
884,电脑组装与维护教程,978-7-5427-3348-1,26.8,9999,清华大学出版社,孔娟武海燕主编
885,电脑办公自动化教程,978-7-5427-3361-0,29.8,9999,清华大学出版社,太洪春主编
886,中文版Internet应用基础教程,978-7-5427-3346-7,25,9999,清华大学出版社,卢秋根主编
887,中文版Word 2002 2003、EXecl 2002 2003实用教程,7-5427-3225-0,21.8,9999,清华大学出版社,卓文主编
888,网页设计与制作,978-7-5427-3251-4,22,9999,清华大学出版社,柏松暨百南主编
889,数据库应用技术——Visual FoxPro,7-5427-3269-2,20,9999,清华大学出版社,崔亚量
890,数据库应用技术——Access,978-7-5427-3229-3,20.8,9999,清华大学出版社,时晓龙主编
891,局域网组建与维护,978-7-5427-3249-1,20,9999,清华大学出版社,暨百南主编
892,计算机组装与维护,978-7-5427-3227-9,21.8,9999,清华大学出版社,范沙浪秦红霞主编
893,计算机应用基础,978-7-5427-3250-7,21,9999,清华大学出版社,卓文主编
894,计算机网络基础,978-7-5427-3226-2,21.8,9999,清华大学出版社,卓文主编
895,局域网组建与维护,7-5427-3124-6,22,9999,清华大学出版社,宋箭主编
896,C语言程序设计,978-7-5427-3128-9,20,9999,清华大学出版社,宋箭主编
897,多媒体技术及应用,7-5427-3123-8,22,9999,清华大学出版社,宋箭主编
898,网页设计与制作,7-5427-3125-4,22,9999,清华大学出版社,宋箭主编
899,电子商务应用基础,7-5427-3126-2,22,9999,清华大学出版社,宋箭主编
900,计算机文化基础,7-5427-3127-0,26,9999,清华大学出版社,宋箭主编
901,计算机文化基础上机实训与习题,978-7-5427-3576-8,20,9999,清华大学出版社,张晓芳主编
902,计算机应用基础,978-7-5427-3236-1,22,9999,清华大学出版社,许光升等编著
903,计算机组装与维修,7-5427-3237-4,22,9999,清华大学出版社,黄传琥等编著
904,数据结构,7-5427-3245-5,22,9999,清华大学出版社,赵青杉等编著
905,电工基础,978-7-5427-3706-9,19.8,9999,清华大学出版社,汪爱民吴太夏编著
906,机械基础,978-7-5427-3700-7,19.8,9999,清华大学出版社,汪爱民吴太夏编著
907,机械制图习题集,978-7-5427-3705-2,18,9999,清华大学出版社,汪爱民张励编著
908,基础会计,978-7-5427-3701-4,19.8,9999,清华大学出版社,杨英等编著
909,应用文写作基础,978-7-5427-3665-9,18.8,9999,清华大学出版社,何晖梁松林编著
910,中文Front Page网页设计标准教程,7-5427-3140-8,28,9999,清华大学出版社,图灵主编
911,网页设计制作标准教程,7-5427-3139-4,28,9999,清华大学出版社,图灵主编
912,中文Corel  DRAW图形设计标准教程,7-5427-2928-4,28,9999,清华大学出版社,图灵主编
913,中文Photoshop图像处理标准教程,7-5427-3173-4,28,9999,清华大学出版社,钱忠主编
914,中文Flash动画制作标准教程,978-7-5427-2938-5,28,9999,清华大学出版社,图灵主编
915,中文Auto CAD图形设计标准教程,978-7-5427-2914-9,28,9999,清华大学出版社,图灵主编
916,计算机文化基础,7-5427-3356-7,28,9999,清华大学出版社,傅雷等主编
917,计算机应用基础（Windows XP+Office XP）,7-5427-2761-3,38,9999,清华大学出版社,陈志明等编著
918,计算机应用基础学习与实训指导（Windows XP+Office XP）,7-5427-3385-0,32,9999,清华大学出版社,陈志明等编著
919,中文3DS MAX三维造型和动画制作标准教程,7-5427-2549-1,28,9999,清华大学出版社,图灵主编
920,中文Office五合一应用技能标准教程,7-5427-2421-5,28,9999,清华大学出版社,图灵主编
921,Mastercam模具设计教程,978-7-5427-3765-6,30,9999,清华大学出版社,北京市计算机绘图教育研究中心
922,Photoshop中文版平面广告设计教程,978-7-5427-3755-7,30,9999,清华大学出版社,北京市计算机绘图教育研究中心
923,C语言程序设计,978-7-5427-3367-2,25,9999,清华大学出版社,芦艳芳赵爱玲主编
924,Internet应用基础,978-7-5427-3248-4,22,9999,清华大学出版社,卓文主编
925,常用工具软件,7-5427-3228-5,16.8,9999,清华大学出版社,柏松主编
926,汉字录入与编辑技术,7-5427-3247-1,20,9999,清华大学出版社,张志杰主编
927,计算机动画制作——中文版Flash应用基础与案例,7-5427-3238-2,20,9999,清华大学出版社,范沙浪秦红霞主编
928,计算机辅助设计——中文版Auto CAD应用基础与案例,7-5427-3240-4,22,9999,清华大学出版社,柏松主编
929,计算机图像处理——中文版Photoshop应用基础与案例,7-5427-3256-0,22,9999,清华大学出版社,柏松主编
930,计算机网络基础,978-7-5427-4152-3,22,9999,清华大学出版社,李玖编著
931,新编电脑基础应用教程,978-7-5427-4335-0,19.8,9999,清华大学出版社,崔洲浩主编
932,新编计算机应用教程,978-7-5427-3673-4,19.8,9999,清华大学出版社,崔洲浩主编
933,新编五笔字型应用教程,978-7-5427-4400-5,19.8,9999,清华大学出版社,崔州浩　主编
934,新编计算机组装与维修应用教程,978-7-5427-4404-3,25.8,9999,清华大学出版社,崔洲浩　主编
935,中文版CorelDRAW标准教程,978-7-5427-4398-5,32.8,9999,清华大学出版社,柏松　主编
936,英汉袖珍图形图像词典,7-5427-2333-2,15,9999,清华大学出版社,胡传国主编
937,英汉家用电器袖珍词典,7-5427-2646-3,25,9999,清华大学出版社,钱世德主编
938,家用数字卫星电视接收与维修,978-7-5427-3713-7,28,9999,清华大学出版社,王坦编著
939,中老年人学电脑·娱乐篇,7-5427-2962-4,18.5,9999,清华大学出版社,罗振候等编著
940,计算机应用基础,978-7-5427-4290-2,24,9999,清华大学出版社,高海霞编著
941,局域网组建与维护,978-7-5427-4371-8,26,9999,清华大学出版社,李全红　编著
942,AutoCAD 2009 中文版实例教程,978-7-5427-4433-3,29,9999,清华大学出版社,方晨　编著
943,Excel 2007 中文版实例教程,978-7-5427-4430-2,26,9999,清华大学出版社,方晨　编著
944,电脑办公自动化教程,978-7-5427-4029-8,26,9999,清华大学出版社,高海霞　编著
945,饮食宜忌1001例,978-7-5427-3445-7,29.9,9999,清华大学出版社,<快乐生活1001>编委会
946,大众菜精选,978-7-5427-3895-0,19.8,9999,清华大学出版社,日知生活编委会
947,家常小炒,978-7-5427-3945-2,19.8,9999,清华大学出版社,日知生活编委会编
948,家常营养粥,978-7-5427-3947-6,19.8,9999,清华大学出版社,日知生活编委会编
949,家常营养滋补药膳,978-7-5427-3946-9,19.8,9999,清华大学出版社,日知生活编委会编
950,轻松宴客菜,978-7-5427-3948-3,19.8,9999,清华大学出版社,日知生活编委会编
951,滋补汤羹,978-7-5427-3931-5,19.8,9999,清华大学出版社,日知生活编委会编
952,家常面点轻松做,978-7-5427-3949-0,19.8,9999,清华大学出版社,日知生活编委会编
953,家常菜精选,978-7-5427-3950-6,19.8,9999,清华大学出版社,日知生活编委会
954,家庭营养套餐,978-7-5427-3951-3,19.8,9999,清华大学出版社,日知生活编委会
955,绝对好辣,978-7-5427-4001-4,23,9999,清华大学出版社,桑师启等制作
956,绝活吃鱼,978-7-5427-4002-1,23,9999,清华大学出版社,桑师启等制作
957,绝配好菜,978-7-5427-4003-8,23,9999,清华大学出版社,桑师启等制作
958,新编大众菜谱1001例,978-7-5427-3474-7,29.9,9999,清华大学出版社,<快乐生活1001>编委会
959,滋补养生汤·粥1001例,978-7-5427-3475-4,29.9,9999,清华大学出版社,<快乐生活1001>编委会
960,家常主食面点1001例,978-7-5427-3649-9,29.9,9999,清华大学出版社,<快乐生活1001>编委会
961,大众营养保健菜1001例,978-7-5427-3651-2,29.9,9999,清华大学出版社,于康主编
962,家常菜·好吃菜1001例,978-7-5427-3594-2,29.9,9999,清华大学出版社,宋卫平等
963,食物合理搭配菜谱·食物相宜菜谱,978-7-5427-3759-5,29.8,9999,清华大学出版社,陈绪荣
964,上海当红总厨创新菜,7-5427-3446-6,138,9999,清华大学出版社,邵建华  主编
965,水果围边,7-5427-3066-5,16,9999,清华大学出版社,顾振鹏  等著
966,中外合壁菜,7-5427-3554-3,22,9999,清华大学出版社,顾明钟  编著
967,新调料菜,7-5427-3548-9,15,9999,清华大学出版社,王慧良  编著
968,煲汤食疗方,7-5427-3294-3,16,9999,清华大学出版社,上海诺宝中心编
969,健康素食菜,7-5427-3295-1,16,9999,清华大学出版社,上海诺宝中心 编
970,中餐厨房里的刺身,7-5427-3007-X,60,9999,清华大学出版社,邵建华  主编
971,燕翅鲍肚参,978-7-5427-2416-8,118,9999,清华大学出版社,邵建华  主编
972,小家庭菜谱,978-7-5427-3613-0,12,9999,清华大学出版社,张家伟主编
973,蔬菜、素菜,978-7-5427-3370-2,20,9999,清华大学出版社,王慧良、李玲等编
974,新潮家用菜谱,7-5427-2871-7,14,9999,清华大学出版社,理应　主编
975,果蔬雕刻图说——十二生肖,7-5427-3352-4,17,9999,清华大学出版社,范强、许晔　主编
976,果蔬雕刻部件图说,7-5427-2813-X,22,9999,清华大学出版社,范强　等主编
977,果蔬雕刻图说,7-5427-2782-6,18,9999,清华大学出版社,范强　等主编
978,水果盘饰,7-5427-3353-2,23,9999,清华大学出版社,范强主编
979,巧手做蛋糕,7-5427-1901-7,38,9999,清华大学出版社,周淑玲
980,巧手做西点,7-5427-1893-2,38,9999,清华大学出版社,周淑玲
981,巧手做面包,7-5427-1909-2,38,9999,清华大学出版社,周淑玲
982,上海都市农家菜,978-7-5427-3504-1,29,9999,清华大学出版社,上海烹饪协会 编
983,婴幼儿早教系列：小朋友最爱吃的营养食谱,978-7-5427-3763-2,26.8,9999,清华大学出版社,金海海豚婴幼儿早教课题组
984,创新家常菜,978-7-5427-4195-0,15,9999,清华大学出版社,范军
985,新编家常素菜谱,978-7-5427-4185-1,9.6,9999,清华大学出版社,张家伟
986,都市农家菜（二）,978-7-5427-4227-8,35,9999,清华大学出版社,上海市烹饪协会
987,家庭营养套餐,978-7-5427-4286-5,19.9,9999,清华大学出版社,日知生活编委会编
988,大厨教做家常汤煲,978-7-5427-4281-0,19.9,9999,清华大学出版社,日知生活编委会
989,一学就会的家常面点主食,978-7-5427-4284-1,19.9,9999,清华大学出版社,日知生活编委会编
990,家常营养滋补粥,978-7-5427-4285-8,19.9,9999,清华大学出版社,日知生活编委会编
991,招牌宴客菜,978-7-5427-4287-2,19.9,9999,清华大学出版社,日知生活编委会编
992,精选家常菜谱（最新超值版）,978-7-5427-4282-7,19.9,9999,清华大学出版社,日知生活编委会编
993,新编家常小炒600例,978-7-5427-4283-4,19.9,9999,清华大学出版社,日知生活编委会编
994,图说生活美食天下系列·百变营养保健粥,978-7-5427-4268-1,19.8,9999,清华大学出版社,图说生活美食天下系列编委会编
995,图说生活美食天下系列·好学易做家常菜,978-7-5427-4252-0,19.8,9999,清华大学出版社,图说生活美食天下系列编委会编
996,图说生活美食天下系列·新编家常小炒,978-7-5427-4262-9,19.8,9999,清华大学出版社,图说生活美食天下系列编委会编
997,图说生活美食天下系列·家常营养汤煲,978-7-5427-4264-3,19.8,9999,清华大学出版社,图说生活美食天下系列编委会编
998,图说生活美食天下系列·专家推荐的家庭营养套餐,978-7-5427-4255-1,19.8,9999,清华大学出版社,图说生活美食天下系列编委会编
999,图说生活美食天下系列·分步详解家常面点主食,978-7-5427-4266-7,19.8,9999,清华大学出版社,图说生活美食天下系列编委会编
1000,图说生活美食天下系列·新编大众健康菜谱,978-7-5427-4257-5,19.8,9999,清华大学出版社,图说生活美食天下系列编委会编
1001,图说生活美食天下系列·精选宴客家常菜,978-7-5427-4265-0,19.8,9999,清华大学出版社,图说生活美食天下系列编委会编
1002,精选大众菜谱,978-7-5427-4358-9,19.8,9999,清华大学出版社,《图说生活·生活365系列》编委会
1003,四季养生食谱,978-7-5427-4357-2,19.8,9999,清华大学出版社,《图说生活·生活365系列》编委会
1004,家常滋补养生汤粥,978-7-5427-4359-6,19.8,9999,清华大学出版社,《图说生活·生活365系列》编委会
1005,美食天下系列：专家推荐的营养保健食谱,978-7-5427-2423-6,19.8,9999,清华大学出版社,《图说生活.美食天下系列》编委会
1006,美丽女人系列：专家推荐的女性营养保健食谱,978-7-5427-2428-1,19.8,9999,清华大学出版社,《图说生活.美丽女人系列》编委会
1007,美食天下系列：百吃不厌的经典家常菜,978-7-5427-2424-3,19.8,9999,清华大学出版社,《图说生活.美食天下系列》编委会
1008,美食天下系列：最受欢迎的家常川菜,978-7-5427-2422-9,19.8,9999,清华大学出版社,《图说生活.美食天下系列》编委会
1009,精选家常凉菜600例,978-7-5427-2385-7,19.9,9999,清华大学出版社,《天天家常菜》编委会
1010,现代女性健康食谱600例,978-7-5427-2384-0,19.9,9999,清华大学出版社,《天天家常菜》编委会
1011,0～3岁聪明宝宝营养餐600例,978-7-5427-2312-3,19.9,9999,清华大学出版社,《天天家常菜》编委会
1012,大厨教做正宗川菜600例,978-7-5427-2387-1,19.9,9999,清华大学出版社,《天天家常菜》编委会
1013,聪明宝宝营养食谱大全,978-7-5427-4479-1,39.8,9999,清华大学出版社,《大生活》编委会编
1014,新编家常菜典一本全,978-7-5427-4476-0,39.8,9999,清华大学出版社,《大生活》编委会编
1015,小福娃儿童毛衣图案编织—快乐篇,978-7-5427-4076-2,28,9999,清华大学出版社,阿巧
1016,小福娃儿童毛衣图案编织—温馨篇,978-7-5427-4074-8,28,9999,清华大学出版社,阿巧
1017,披肩编织时尚新款,978-7-5427-4109-7,29.8,9999,清华大学出版社,阿巧
1018,超级配色花样图案300例,978-7-5427-4108-0,35,9999,清华大学出版社,阿巧
1019,毛衣花样编织1000例（下）,978-7-5427-4098-4,33.5,9999,清华大学出版社,阿巧
1020,最新成人毛衣,978-7-5427-4115-8,35,9999,清华大学出版社,鹏易著
1021,最新儿童毛衣,978-7-5427-4116-5,35,9999,清华大学出版社,鹏易编
1022,钩针棒针图案编织花样,978-7-5427-4114-1,38,9999,清华大学出版社,鹏易编
1023,超时尚韩版毛衣1688,978-7-5427-3935-3,33.8,9999,清华大学出版社,严肃编
1024,韩版毛衣世纪风1588,978-7-5427-3934-6,33.8,9999,清华大学出版社,严肃编
1025,毛衣新手大课堂2888,978-7-5427-4099-1,32.8,9999,清华大学出版社,洋洋编
1026,精彩织钩一本通5588,978-7-5427-3936-0,32.8,9999,清华大学出版社,洋洋编
1027,情趣编织天地5688,978-7-5427-3933-9,36.8,9999,清华大学出版社,洋洋编
1028,编织图案世界1880,978-7-5427-3932-2,32.8,9999,清华大学出版社,洋洋编
1029,四季星级毛衣编织花样5000,978-7-5427-4101-1,36.8,9999,清华大学出版社,洋洋选编
1030,时尚毛衣编织新花样(经典篇),978-7-5427-3797-7,29.8,9999,清华大学出版社,阿巧
1031,最新毛衣编织大全1918例（成人篇）,978-7-5427-3426-6,39.8,9999,清华大学出版社,金蔚荭  主编
1032,最新毛衣编织款式6188,978-7-5427-3783-0,36.8,9999,清华大学出版社,洋洋编
1033,经典毛衣编织花样6088,978-7-5427-3782-3,36.8,9999,清华大学出版社,洋洋编
1034,新编毛衣编织学习3188,978-7-5427-3785-4,29.8,9999,清华大学出版社,洋洋编
1035,当代编织图案3088,978-7-5427-3784-7,29.8,9999,清华大学出版社,洋洋编
1036,毛衣花样编织1000例（上）,978-7-5427-4097-7,33.5,9999,清华大学出版社,阿巧
1037,超级编织花样图案1000例（下）,978-7-5427-4107-3,38,9999,清华大学出版社,阿巧
1038,超级编织花样图案1000例（上）,978-7-5427-4104-2,38,9999,清华大学出版社,阿巧
1039,福娃娃儿童毛衣编织图案,978-7-5427-4075-5,35,9999,清华大学出版社,阿巧
1040,精灵宝宝毛衣编织图案,978-7-5427-3800-4,26.8,9999,清华大学出版社,阿巧
1041,聪明宝宝毛衣编织图案,978-7-5427-3801-1,26.8,9999,清华大学出版社,阿巧
1042,时尚毛衣编织新花样(流行篇),978-7-5427-3798-4,29.8,9999,清华大学出版社,阿巧
1043,新编儿童毛衣图案新花样,978-7-5427-3799-1,35,9999,清华大学出版社,阿巧
1044,新编编织花样5101例(A),978-7-5427-3795-3,48,9999,清华大学出版社,阿巧
1045,新编编织花样5101例(B),978-7-5427-3796-0,48,9999,清华大学出版社,阿巧
1046,最新编织花样图案经典1100例,978-7-5427-3794-6,48.8,9999,清华大学出版社,阿巧
1047,精彩图案对比编织1668,978-7-5427-4381-7,33.8,9999,清华大学出版社,唐艳　选编
1048,实用家饰编织广场1999,978-7-5427-4382-4,33.8,9999,清华大学出版社,黄艺　主编
1049,经典毛衣钩编新款式5188,978-7-5427-4383-1,36.8,9999,清华大学出版社,唐艳选编
1050,新毛衣编钩速成法1666,978-7-5427-4377-0,33.8,9999,清华大学出版社,唐艳　选编
1051,公仔钩编情趣篇1988,978-7-5427-4380-0,33.8,9999,清华大学出版社,黄艺　主编
1052,毛衣编织花样大荟萃6000,978-7-5427-4418-0,36.8,9999,清华大学出版社,唐艳
1053,流行毛衣钩编新动态1868,978-7-5427-4417-3,34.8,9999,清华大学出版社,谭本芬选编
1054,中国版毛衣钩编集锦1818,978-7-5427-4415-9,34.8,9999,清华大学出版社,谭本芬选编
1055,钩针毛衣时尚大世界1568,978-7-5427-4414-2,34.8,9999,清华大学出版社,谭本芬　选编
1056,棒针毛衣世界流行风1518,978-7-5427-4416-6,34.8,9999,清华大学出版社,谭本芬选编
1057,儿童毛衣最新图案花样,978-7-5427-4221-6,36.8,9999,清华大学出版社,阿巧　编
1058,流行时尚风情披肩,978-7-5427-4368-8,29.8,9999,清华大学出版社,阿巧　编
1059,巧手编织之时尚女性毛衣编织,978-7-5427-4224-7,29.8,9999,清华大学出版社,阿巧　编
1060,靓宝宝毛衣编织图案,978-7-5427-4226-1,28.8,9999,清华大学出版社,阿巧　编
1061,乘宝宝毛衣编织图案,978-7-5427-4225-4,28.8,9999,清华大学出版社,阿巧　编
1062,新编小宝贝毛衣图案新花样,978-7-5427-4365-7,38,9999,清华大学出版社,阿巧　编
1063,新编超级编织花样图案1001,978-7-5427-4367-1,38,9999,清华大学出版社,阿巧　编
1064,庭院绿化设计,7-5427-2119-4,28,9999,清华大学出版社,"车生泉, 周琦  主编"
1065,家庭养花完全手册,978-7-5427-2095-5,22,9999,清华大学出版社,邬志星编著
1066,庭院阳台种盆栽蔬菜,978-7-5427-2803-6,12,9999,清华大学出版社,曹欢欢，刘思明主编
1067,享受慢生活,978-7-5427-4176-9,36.8,9999,成功出版社,安艺编著
1068,欧洲经典美食游,978-7-5427-3981-0,39.8,9999,成功出版社,林莹、毛永年
1069,现代中餐礼仪,978-7-5427-3979-7,29,9999,成功出版社,林莹、毛永年
1070,欧洲浪漫美食之旅,978-7-5427-3980-3,39.8,9999,成功出版社,林莹、毛永年
1071,酒吧圣经——调酒师宝典（平装）,978-7-5427-3519-5,198,9999,成功出版社,(法国）费多.迪夫思吉  著
1072,酒吧圣经——调酒师宝典,7-5427-3520-9,288,9999,成功出版社,(法国) 费多.迪夫思吉  著
1073,喝遍好茶,7-5427-3130-0,15,9999,成功出版社,吕玖，詹皓　编著
1074,喝茶不倒问,978-7-5427-3129-6,15,9999,成功出版社,吕玖，詹皓　编著
1075,宠物猫饲养与疾病防治,978-7-5427-4196-7,13.8,9999,成功出版社,张建平主编
1076,厨房小窍门,978-7-5427-3894-3,19.8,9999,成功出版社,日知生活编委会编
1077,生活小窍门1001问,978-7-5427-3447-1,29.9,9999,成功出版社,<快乐生活1001>编委会
1078,厨房小诀窍1001例,978-7-5427-3596-6,29.9,9999,成功出版社,宋卫平等
1079,生活窍门巧点通完全图解,7-5427-2709-5,17,9999,成功出版社,谈雅　主编
1080,百物另类妙用小辞典,7-5427-2943-8,16,9999,成功出版社,史含生，任惠主编
1081,巧解生活难题小辞典,7-5427-2783-4,15,9999,成功出版社,史含生，任惠主编
1082,生活小窍门大全,7-5427-3136-X,22,9999,成功出版社,卓文编著
1083,图说生活365系列·厨房妙招1200例,978-7-5427-4251-3,19.8,9999,成功出版社,图说生活365系列编委会编
1084,图说生活365系列·生活小窍门1200例,978-7-5427-4253-7,19.8,9999,成功出版社,图说生活365系列编委会
1085,营养之王橄榄油,978-7-5427-4239-1,26,9999,成功出版社,"徐纬英,陈周顺主编"
1086,生活365系列：不可不知的生活宜忌1000例,978-7-5427-2436-6,19.8,9999,成功出版社,《图说生活.生活365系列》编委会编
1087,新编实用厨房小窍门1000例,978-7-5427-2389-5,19.9,9999,成功出版社,《天天家常菜》编委会
1088,女人一生应该掌握的365个美体知识,978-7-5427-4427-2,35,9999,成功出版社,倪佩红　主编
1089,女人一生应该掌握的365个美容知识,978-7-5427-4426-5,35,9999,成功出版社,倪佩红　主编
1090,来自伊甸园的礼物——热带野果萝荔的故事,7-5427-2152-6,6,9999,成功出版社,褚大为  编著
1091,家庭装修实战宝典,978-7-5427-4364-0,19.8,9999,成功出版社,《图说生活·生活365系列》编委会
1092,懒人家事2000招,978-7-5427-4117-2,29.8,9999,成功出版社,张英编著
1093,懒人厨事2000招,978-7-5427-4118-9,29.8,9999,成功出版社,卢晓明编著
1094,生活中的3000例：家事篇,978-7-5427-3922-3,19.8,9999,成功出版社,日知生活编委会编
1095,女人的优雅与成熟,978-7-5427-4275-9,24.8,9999,成功出版社,(韩)金京心